UF;Município;Eleitorado apto;Eleitorado seções instaladas;Comparecimento;pc_comparecimento;Abstenções;pc_abstencoes;Quantitativo de votos;Votos a concorrentes;pc_votos_concorrentes;Votos válidos;pc_votos_validos;Votos nominais válidos;pc_votos_nominais;Votos nulos;pc_votos_nulos;Total votos nulos;pc_total_votos_nulos;Votos em branco;pc_votos_brancos;Total de seções;Seções principais;pc_secoes_principais;Seções agregadas;pc_secoes_agregadas;Seções instaladas;pc_secoes_instalada
RO;ALTA FLORESTA D'OESTE;19397;19397;14084;0,7261;5313;0,2739;14084;13718;0,974;13718;1;13718;1;224;1;224;0,0159;142;0,0101;80;72;0,9;8;0,1;72;1
RO;ALTO ALEGRE DOS PARECIS;8354;8354;6461;0,7734;1893;0,2266;6461;6288;0,9732;6288;1;6288;1;116;1;116;0,018;57;0,0088;31;30;0,9677;1;0,0323;30;1
RO;ALTO PARAÍSO;11742;11742;8628;0,7348;3114;0,2652;8628;8406;0,9743;8406;1;8406;1;130;1;130;0,0151;92;0,0107;45;43;0,9556;2;0,0444;43;1
RO;ALVORADA DO OESTE;11870;11870;8315;0,7005;3555;0,2995;8315;8095;0,9735;8095;1;8095;1;142;1;142;0,0171;78;0,0094;77;34;0,4416;43;0,5584;34;1
RO;ARIQUEMES;69761;69761;51457;0,7376;18304;0,2624;51457;50246;0,9765;50246;1;50246;1;694;1;694;0,0135;517;0,01;272;261;0,9596;11;0,0404;261;1
RO;BURITIS;22959;22959;15865;0,691;7094;0,309;15865;15546;0,9799;15546;1;15546;1;204;1;204;0,0129;115;0,0072;79;76;0,962;3;0,038;76;1
RO;CABIXI;4781;4781;3592;0,7513;1189;0,2487;3592;3515;0,9786;3515;1;3515;1;48;1;48;0,0134;29;0,0081;24;14;0,5833;10;0,4167;14;1
RO;CACAULÂNDIA;3947;3947;2989;0,7573;958;0,2427;2989;2924;0,9783;2924;1;2924;1;44;1;44;0,0147;21;0,007;18;16;0,8889;2;0,1111;16;1
RO;CACOAL;66497;66497;51084;0,7682;15413;0,2318;51084;49866;0,9762;49866;1;49866;1;676;1;676;0,0132;542;0,0106;250;235;0,94;15;0,06;235;1
RO;CAMPO NOVO DE RONDÔNIA;7748;7748;5565;0,7182;2183;0,2818;5565;5456;0,9804;5456;1;5456;1;71;1;71;0,0128;38;0,0068;28;28;1;0;0;28;1
RO;CANDEIAS DO JAMARI;18894;18894;13704;0,7253;5190;0,2747;13704;13379;0,9763;13379;1;13379;1;211;1;211;0,0154;114;0,0083;65;60;0,9231;5;0,0769;60;1
RO;CASTANHEIRAS;3075;3075;2296;0,7467;779;0,2533;2296;2250;0,98;2250;1;2250;1;27;1;27;0,0118;19;0,0083;12;12;1;0;0;12;1
RO;CEREJEIRAS;12930;12930;10033;0,7759;2897;0,2241;10033;9799;0,9767;9799;1;9799;1;144;1;144;0,0144;90;0,009;61;49;0,8033;12;0,1967;49;1
RO;CHUPINGUAIA;7344;7344;5142;0,7002;2202;0,2998;5142;5030;0,9782;5030;1;5030;1;65;1;65;0,0126;47;0,0091;30;26;0,8667;4;0,1333;26;1
RO;COLORADO DO OESTE;13741;13741;9982;0,7264;3759;0,2736;9982;9707;0,9725;9707;1;9707;1;151;1;151;0,0151;124;0,0124;98;40;0,4082;58;0,5918;40;1
RO;CORUMBIARA;5621;5621;4405;0,7837;1216;0,2163;4405;4291;0,9741;4291;1;4291;1;59;1;59;0,0134;55;0,0125;29;24;0,8276;5;0,1724;24;1
RO;COSTA MARQUES;9511;9511;6889;0,7243;2622;0,2757;6889;6746;0,9792;6746;1;6746;1;92;1;92;0,0134;51;0,0074;37;36;0,973;1;0,027;36;1
RO;CUJUBIM;11121;11121;7920;0,7122;3201;0,2878;7920;7752;0,9788;7752;1;7752;1;113;1;113;0,0143;55;0,0069;38;36;0,9474;2;0,0526;36;1
RO;ESPIGÃO DO OESTE;23900;23900;18241;0,7632;5659;0,2368;18241;17760;0,9736;17760;1;17760;1;283;1;283;0,0155;198;0,0109;96;86;0,8958;10;0,1042;86;1
RO;GOVERNADOR JORGE TEIXEIRA;7422;7422;5417;0,7299;2005;0,2701;5417;5290;0,9766;5290;1;5290;1;80;1;80;0,0148;47;0,0087;32;29;0,9063;3;0,0938;29;1
RO;GUAJARÁ-MIRIM;28174;28174;20962;0,744;7212;0,256;20962;20555;0,9806;20555;1;20555;1;260;1;260;0,0124;147;0,007;130;104;0,8;26;0,2;104;1
RO;ITAPUÃ DO OESTE;6445;6445;4562;0,7078;1883;0,2922;4562;4473;0,9805;4473;1;4473;1;51;1;51;0,0112;38;0,0083;24;24;1;0;0;24;1
RO;JARU;43047;43047;30030;0,6976;13017;0,3024;30030;29197;0,9723;29197;1;29197;1;502;1;502;0,0167;331;0,011;165;133;0,8061;32;0,1939;133;1
RO;JI-PARANÁ;92331;92331;69558;0,7534;22773;0,2466;69558;67955;0,977;67955;1;67955;1;942;1;942;0,0135;661;0,0095;353;301;0,8527;52;0,1473;301;1
RO;MACHADINHO D'OESTE;23639;23639;16528;0,6992;7111;0,3008;16528;16218;0,9812;16218;1;16218;1;183;1;183;0,0111;127;0,0077;98;79;0,8061;19;0,1939;79;1
RO;MINISTRO ANDREAZZA;6001;6001;4633;0,772;1368;0,228;4633;4518;0,9752;4518;1;4518;1;80;1;80;0,0173;35;0,0076;26;19;0,7308;7;0,2692;19;1
RO;MIRANTE DA SERRA;9138;9138;6527;0,7143;2611;0,2857;6527;6378;0,9772;6378;1;6378;1;83;1;83;0,0127;66;0,0101;35;35;1;0;0;35;1
RO;MONTE NEGRO;10082;10082;7305;0,7246;2777;0,2754;7305;7161;0,9803;7161;1;7161;1;105;1;105;0,0144;39;0,0053;39;38;0,9744;1;0,0256;38;1
RO;NOVA BRASILÂNDIA D'OESTE;14084;14084;10518;0,7468;3566;0,2532;10518;10266;0,976;10266;1;10266;1;136;1;136;0,0129;116;0,011;50;47;0,94;3;0,06;47;1
RO;NOVA MAMORÉ;18003;18003;13395;0,744;4608;0,256;13395;13149;0,9816;13149;1;13149;1;155;1;155;0,0116;91;0,0068;69;60;0,8696;9;0,1304;60;1
RO;NOVA UNIÃO;5566;5566;4132;0,7424;1434;0,2576;4132;4057;0,9818;4057;1;4057;1;48;1;48;0,0116;27;0,0065;23;19;0,8261;4;0,1739;19;1
RO;NOVO HORIZONTE DO OESTE;6839;6839;5437;0,795;1402;0,205;5437;5317;0,9779;5317;1;5317;1;72;1;72;0,0132;48;0,0088;30;21;0,7;9;0,3;21;1
RO;OURO PRETO DO OESTE;30339;30339;20945;0,6904;9394;0,3096;20945;20487;0,9781;20487;1;20487;1;296;1;296;0,0141;162;0,0077;117;96;0,8205;21;0,1795;96;1
RO;PARECIS;3269;3269;2489;0,7614;780;0,2386;2489;2443;0,9815;2443;1;2443;1;30;1;30;0,0121;16;0,0064;15;15;1;0;0;15;1
RO;PIMENTA BUENO;26476;26476;20379;0,7697;6097;0,2303;20379;19734;0,9683;19734;1;19734;1;381;1;381;0,0187;264;0,013;121;113;0,9339;8;0,0661;113;1
RO;PIMENTEIRAS DO OESTE;1988;1988;1508;0,7586;480;0,2414;1508;1483;0,9834;1483;1;1483;1;16;1;16;0,0106;9;0,006;8;8;1;0;0;8;1
RO;PORTO VELHO;350692;350692;276890;0,7896;73802;0,2104;276890;269018;0,9716;269018;1;269018;1;4922;1;4922;0,0178;2950;0,0107;1250;1159;0,9272;91;0,0728;1159;1
RO;PRESIDENTE MÉDICI;15598;15598;11523;0,7387;4075;0,2613;11523;11212;0,973;11212;1;11212;1;167;1;167;0,0145;144;0,0125;79;56;0,7089;23;0,2911;56;1
RO;PRIMAVERA DE RONDÔNIA;2877;2877;2267;0,788;610;0,212;2267;2194;0,9678;2194;1;2194;1;52;1;52;0,0229;21;0,0093;13;13;1;0;0;13;1
RO;RIO CRESPO;3322;3322;2389;0,7191;933;0,2809;2389;2357;0,9866;2357;1;2357;1;19;1;19;0,008;13;0,0054;11;11;1;0;0;11;1
RO;ROLIM DE MOURA;40497;40497;29895;0,7382;10602;0,2618;29895;29023;0,9708;29023;1;29023;1;468;1;468;0,0157;404;0,0135;162;136;0,8395;26;0,1605;136;1
RO;SANTA LUZIA D'OESTE;6834;6834;4915;0,7192;1919;0,2808;4915;4776;0,9717;4776;1;4776;1;81;1;81;0,0165;58;0,0118;33;21;0,6364;12;0,3636;21;1
RO;SERINGUEIRAS;10067;10067;7405;0,7356;2662;0,2644;7405;7241;0,9779;7241;1;7241;1;99;1;99;0,0134;65;0,0088;38;36;0,9474;2;0,0526;36;1
RO;SÃO FELIPE D'OESTE;4435;4435;3420;0,7711;1015;0,2289;3420;3340;0,9766;3340;1;3340;1;50;1;50;0,0146;30;0,0088;26;13;0,5;13;0,5;13;1
RO;SÃO FRANCISCO DO GUAPORÉ;12556;12556;9382;0,7472;3174;0,2528;9382;9209;0,9816;9209;1;9209;1;89;1;89;0,0095;84;0,009;45;45;1;0;0;45;1
RO;SÃO MIGUEL DO GUAPORÉ;17389;17389;12929;0,7435;4460;0,2565;12929;12610;0,9753;12610;1;12610;1;181;1;181;0,014;138;0,0107;57;57;1;0;0;57;1
RO;TEIXEIRÓPOLIS;4088;4088;3046;0,7451;1042;0,2549;3046;2975;0,9767;2975;1;2975;1;43;1;43;0,0141;28;0,0092;16;16;1;0;0;16;1
RO;THEOBROMA;8054;8054;5830;0,7239;2224;0,2761;5830;5673;0,9731;5673;1;5673;1;95;1;95;0,0163;62;0,0106;32;31;0,9688;1;0,0313;31;1
RO;URUPÁ;9543;9543;6818;0,7145;2725;0,2855;6818;6624;0,9715;6624;1;6624;1;112;1;112;0,0164;82;0,012;35;33;0,9429;2;0,0571;33;1
RO;VALE DO ANARI;6381;6381;4739;0,7427;1642;0,2573;4739;4649;0,981;4649;1;4649;1;59;1;59;0,0124;31;0,0065;22;21;0,9545;1;0,0455;21;1
RO;VALE DO PARAÍSO;6175;6175;4441;0,7192;1734;0,2808;4441;4350;0,9795;4350;1;4350;1;54;1;54;0,0122;37;0,0083;25;23;0,92;2;0,08;23;1
RO;VILHENA;65454;65454;49961;0,7633;15493;0,2367;49961;48529;0,9713;48529;1;48529;1;837;1;837;0,0168;595;0,0119;242;208;0,8595;34;0,1405;208;1
