UF;Município;Cargo;Turno;Eleitorado apto;Eleitorado seções instaladas;Comparecimento;pc_comparecimento;Abstenções;pc_abstencoes;Quantitativo de votos;Votos a concorrentes;pc_votos_concorrentes;Votos válidos;pc_votos_validos;Votos nominais válidos;pc_votos_nominais;Votos nulos;pc_votos_nulos;Nulos técnicos;pc_votos_nulo_tecnico;Total votos nulos;pc_total_votos_nulos;Votos em branco;pc_votos_brancos;Votos legenda válidos;pc_votos_legenda;Total votos legenda válidos;Total votos anulados;pc_votos_anulados;Total de seções;Seções principais;pc_secoes_principais;Seções agregadas;pc_secoes_agregadas;Seções instaladas;pc_secoes_instalada
RO;ALTA FLORESTA D'OESTE;Deputado Estadual;1;19394;19394;14081;0,726;5313;0,274;14081;13250;0,941;13199;0,9962;12448;0,9431;288;0,9863;4;0,0137;292;0,0207;539;0,0383;751;0,0569;751;51;0,0038;80;72;0,9;8;0,1;72;1
RO;ALTA FLORESTA D'OESTE;Deputado Federal;1;19394;19394;14081;0,726;5313;0,274;14081;13150;0,9339;13150;1;12555;0,9548;340;0,9971;1;0,0029;341;0,0242;590;0,0419;595;0,0452;595;0;0;80;72;0,9;8;0,1;72;1
RO;ALTA FLORESTA D'OESTE;Governador;1;19394;19394;14081;0,726;5313;0,274;14081;12926;0,918;12926;1;12926;1;685;1;0;0;685;0,0486;470;0,0334;0;0;0;0;0;80;72;0,9;8;0,1;72;1
RO;ALTA FLORESTA D'OESTE;Governador;2;19396;19396;14186;0,7314;5210;0,2686;14186;13410;0,9453;13410;1;13410;1;485;1;0;0;485;0,0342;291;0,0205;0;0;0;0;0;80;72;0,9;8;0,1;72;1
RO;ALTA FLORESTA D'OESTE;Presidente;1;19397;19397;14084;0,7261;5313;0,2739;14084;13718;0,974;13718;1;13718;1;224;1;0;0;224;0,0159;142;0,0101;0;0;0;0;0;80;72;0,9;8;0,1;72;1
RO;ALTA FLORESTA D'OESTE;Presidente;2;19399;19399;14189;0,7314;5210;0,2686;14189;13727;0,9674;13727;1;13727;1;336;1;0;0;336;0,0237;126;0,0089;0;0;0;0;0;80;72;0,9;8;0,1;72;1
RO;ALTA FLORESTA D'OESTE;Senador;1;19394;19394;14081;0,726;5313;0,274;14081;12659;0,899;12230;0,9661;12230;1;799;1;0;0;799;0,0567;623;0,0442;0;0;0;429;0,0339;80;72;0,9;8;0,1;72;1
RO;ALTO ALEGRE DOS PARECIS;Deputado Estadual;1;8354;8354;6461;0,7734;1893;0,2266;6461;6087;0,9421;6086;0,9998;5676;0,9326;147;0,98;3;0,02;150;0,0232;224;0,0347;410;0,0674;410;1;0,0002;31;30;0,9677;1;0,0323;30;1
RO;ALTO ALEGRE DOS PARECIS;Deputado Federal;1;8354;8354;6461;0,7734;1893;0,2266;6461;6104;0,9447;6104;1;5879;0,9631;148;0,9673;5;0,0327;153;0,0237;204;0,0316;225;0,0369;225;0;0;31;30;0,9677;1;0,0323;30;1
RO;ALTO ALEGRE DOS PARECIS;Governador;1;8354;8354;6461;0,7734;1893;0,2266;6461;5996;0,928;5996;1;5996;1;321;1;0;0;321;0,0497;144;0,0223;0;0;0;0;0;31;30;0,9677;1;0,0323;30;1
RO;ALTO ALEGRE DOS PARECIS;Governador;2;8354;8354;6507;0,7789;1847;0,2211;6507;6180;0,9497;6180;1;6180;1;217;1;0;0;217;0,0333;110;0,0169;0;0;0;0;0;31;30;0,9677;1;0,0323;30;1
RO;ALTO ALEGRE DOS PARECIS;Presidente;1;8354;8354;6461;0,7734;1893;0,2266;6461;6288;0,9732;6288;1;6288;1;116;1;0;0;116;0,018;57;0,0088;0;0;0;0;0;31;30;0,9677;1;0,0323;30;1
RO;ALTO ALEGRE DOS PARECIS;Presidente;2;8354;8354;6507;0,7789;1847;0,2211;6507;6226;0,9568;6226;1;6226;1;208;1;0;0;208;0,032;73;0,0112;0;0;0;0;0;31;30;0,9677;1;0,0323;30;1
RO;ALTO ALEGRE DOS PARECIS;Senador;1;8354;8354;6461;0,7734;1893;0,2266;6461;5761;0,8917;5489;0,9528;5489;1;460;1;0;0;460;0,0712;240;0,0371;0;0;0;272;0,0472;31;30;0,9677;1;0,0323;30;1
RO;ALTO PARAÍSO;Deputado Estadual;1;11741;11741;8627;0,7348;3114;0,2652;8627;8262;0,9577;8261;0,9999;7818;0,9464;113;1;0;0;113;0,0131;252;0,0292;443;0,0536;443;1;0,0001;45;43;0,9556;2;0,0444;43;1
RO;ALTO PARAÍSO;Deputado Federal;1;11741;11741;8627;0,7348;3114;0,2652;8627;8195;0,9499;8195;1;7960;0,9713;138;0,9787;3;0,0213;141;0,0163;291;0,0337;235;0,0287;235;0;0;45;43;0,9556;2;0,0444;43;1
RO;ALTO PARAÍSO;Governador;1;11741;11741;8627;0,7348;3114;0,2652;8627;7894;0,915;7894;1;7894;1;429;1;0;0;429;0,0497;304;0,0352;0;0;0;0;0;45;43;0,9556;2;0,0444;43;1
RO;ALTO PARAÍSO;Governador;2;11745;11745;8613;0,7333;3132;0,2667;8613;8167;0,9482;8167;1;8167;1;249;1;0;0;249;0,0289;197;0,0229;0;0;0;0;0;45;43;0,9556;2;0,0444;43;1
RO;ALTO PARAÍSO;Presidente;1;11742;11742;8628;0,7348;3114;0,2652;8628;8406;0,9743;8406;1;8406;1;130;1;0;0;130;0,0151;92;0,0107;0;0;0;0;0;45;43;0,9556;2;0,0444;43;1
RO;ALTO PARAÍSO;Presidente;2;11746;11746;8614;0,7334;3132;0,2666;8614;8405;0,9757;8405;1;8405;1;129;1;0;0;129;0,015;80;0,0093;0;0;0;0;0;45;43;0,9556;2;0,0444;43;1
RO;ALTO PARAÍSO;Senador;1;11741;11741;8627;0,7348;3114;0,2652;8627;7767;0,9003;7428;0,9564;7428;1;442;1;0;0;442;0,0512;418;0,0485;0;0;0;339;0,0436;45;43;0,9556;2;0,0444;43;1
RO;ALVORADA DO OESTE;Deputado Estadual;1;11870;11870;8315;0,7005;3555;0,2995;8315;7885;0,9483;7860;0,9968;7390;0,9402;178;1;0;0;178;0,0214;252;0,0303;470;0,0598;470;25;0,0032;77;34;0,4416;43;0,5584;34;1
RO;ALVORADA DO OESTE;Deputado Federal;1;11870;11870;8315;0,7005;3555;0,2995;8315;7904;0,9506;7904;1;7590;0,9603;179;0,9944;1;0,0056;180;0,0216;231;0,0278;314;0,0397;314;0;0;77;34;0,4416;43;0,5584;34;1
RO;ALVORADA DO OESTE;Governador;1;11870;11870;8315;0,7005;3555;0,2995;8315;7645;0,9194;7645;1;7645;1;458;1;0;0;458;0,0551;212;0,0255;0;0;0;0;0;77;34;0,4416;43;0,5584;34;1
RO;ALVORADA DO OESTE;Governador;2;11871;11871;8542;0,7196;3329;0,2804;8542;8076;0,9454;8076;1;8076;1;294;1;0;0;294;0,0344;172;0,0201;0;0;0;0;0;77;34;0,4416;43;0,5584;34;1
RO;ALVORADA DO OESTE;Presidente;1;11870;11870;8315;0,7005;3555;0,2995;8315;8095;0,9735;8095;1;8095;1;142;1;0;0;142;0,0171;78;0,0094;0;0;0;0;0;77;34;0,4416;43;0,5584;34;1
RO;ALVORADA DO OESTE;Presidente;2;11871;11871;8542;0,7196;3329;0,2804;8542;8239;0,9645;8239;1;8239;1;223;1;0;0;223;0,0261;80;0,0094;0;0;0;0;0;77;34;0,4416;43;0,5584;34;1
RO;ALVORADA DO OESTE;Senador;1;11870;11870;8315;0,7005;3555;0,2995;8315;7403;0,8903;6607;0,8925;6607;1;549;1;0;0;549;0,066;363;0,0437;0;0;0;796;0,1075;77;34;0,4416;43;0,5584;34;1
RO;ARIQUEMES;Deputado Estadual;1;69756;69756;51453;0,7376;18303;0,2624;51453;48150;0,9358;48031;0,9975;45969;0,9571;1099;0,9919;9;0,0081;1108;0,0215;2195;0,0427;2062;0,0429;2062;119;0,0025;272;261;0,9596;11;0,0404;261;1
RO;ARIQUEMES;Deputado Federal;1;69756;69756;51453;0,7376;18303;0,2624;51453;49018;0,9527;49018;1;47645;0,972;913;0,9913;8;0,0087;921;0,0179;1514;0,0294;1373;0,028;1373;0;0;272;261;0,9596;11;0,0404;261;1
RO;ARIQUEMES;Governador;1;69756;69756;51453;0,7376;18303;0,2624;51453;47435;0,9219;47435;1;47435;1;2112;1;0;0;2112;0,041;1906;0,037;0;0;0;0;0;272;261;0,9596;11;0,0404;261;1
RO;ARIQUEMES;Governador;2;69780;69780;51836;0,7428;17944;0,2572;51836;49322;0,9515;49322;1;49322;1;1454;1;0;0;1454;0,0281;1060;0,0204;0;0;0;0;0;272;261;0,9596;11;0,0404;261;1
RO;ARIQUEMES;Presidente;1;69761;69761;51457;0,7376;18304;0,2624;51457;50246;0,9765;50246;1;50246;1;694;1;0;0;694;0,0135;517;0,01;0;0;0;0;0;272;261;0,9596;11;0,0404;261;1
RO;ARIQUEMES;Presidente;2;69784;69784;51839;0,7428;17945;0,2572;51839;50414;0,9725;50414;1;50414;1;940;1;0;0;940;0,0181;485;0,0094;0;0;0;0;0;272;261;0,9596;11;0,0404;261;1
RO;ARIQUEMES;Senador;1;69756;69756;51453;0,7376;18303;0,2624;51453;45960;0,8932;43461;0,9456;43461;1;2599;1;0;0;2599;0,0505;2894;0,0562;0;0;0;2499;0,0544;272;261;0,9596;11;0,0404;261;1
RO;BURITIS;Deputado Estadual;1;22958;22958;15864;0,691;7094;0,309;15864;15335;0,9667;15309;0,9983;14539;0,9497;214;1;0;0;214;0,0135;315;0,0199;770;0,0503;770;26;0,0017;79;76;0,962;3;0,038;76;1
RO;BURITIS;Deputado Federal;1;22958;22958;15864;0,691;7094;0,309;15864;14948;0,9423;14947;0,9999;14446;0,9665;344;0,9942;2;0,0058;346;0,0218;570;0,0359;501;0,0335;501;1;0,0001;79;76;0,962;3;0,038;76;1
RO;BURITIS;Governador;1;22958;22958;15864;0,691;7094;0,309;15864;14717;0,9277;14717;1;14717;1;670;1;0;0;670;0,0422;477;0,0301;0;0;0;0;0;79;76;0,962;3;0,038;76;1
RO;BURITIS;Governador;2;22966;22966;16129;0,7023;6837;0,2977;16129;15443;0,9575;15443;1;15443;1;406;1;0;0;406;0,0252;280;0,0174;0;0;0;0;0;79;76;0,962;3;0,038;76;1
RO;BURITIS;Presidente;1;22959;22959;15865;0,691;7094;0,309;15865;15546;0,9799;15546;1;15546;1;204;1;0;0;204;0,0129;115;0,0072;0;0;0;0;0;79;76;0,962;3;0,038;76;1
RO;BURITIS;Presidente;2;22967;22967;16130;0,7023;6837;0,2977;16130;15739;0,9758;15739;1;15739;1;277;1;0;0;277;0,0172;114;0,0071;0;0;0;0;0;79;76;0,962;3;0,038;76;1
RO;BURITIS;Senador;1;22958;22958;15864;0,691;7094;0,309;15864;14347;0,9044;13480;0,9396;13480;1;839;1;0;0;839;0,0529;678;0,0427;0;0;0;867;0,0604;79;76;0,962;3;0,038;76;1
RO;CABIXI;Deputado Estadual;1;4781;4781;3592;0,7513;1189;0,2487;3592;3433;0,9557;3426;0,998;3218;0,9393;60;1;0;0;60;0,0167;99;0,0276;208;0,0607;208;7;0,002;24;14;0,5833;10;0,4167;14;1
RO;CABIXI;Deputado Federal;1;4781;4781;3592;0,7513;1189;0,2487;3592;3405;0,9479;3405;1;3268;0,9598;85;0,9884;1;0,0116;86;0,0239;101;0,0281;137;0,0402;137;0;0;24;14;0,5833;10;0,4167;14;1
RO;CABIXI;Governador;1;4781;4781;3592;0,7513;1189;0,2487;3592;3294;0,917;3294;1;3294;1;192;1;0;0;192;0,0535;106;0,0295;0;0;0;0;0;24;14;0,5833;10;0,4167;14;1
RO;CABIXI;Governador;2;4781;4781;3621;0,7574;1160;0,2426;3621;3414;0,9428;3414;1;3414;1;127;1;0;0;127;0,0351;80;0,0221;0;0;0;0;0;24;14;0,5833;10;0,4167;14;1
RO;CABIXI;Presidente;1;4781;4781;3592;0,7513;1189;0,2487;3592;3515;0,9786;3515;1;3515;1;48;1;0;0;48;0,0134;29;0,0081;0;0;0;0;0;24;14;0,5833;10;0,4167;14;1
RO;CABIXI;Presidente;2;4781;4781;3621;0,7574;1160;0,2426;3621;3511;0,9696;3511;1;3511;1;74;1;0;0;74;0,0204;36;0,0099;0;0;0;0;0;24;14;0,5833;10;0,4167;14;1
RO;CABIXI;Senador;1;4781;4781;3592;0,7513;1189;0,2487;3592;3193;0,8889;2965;0,9286;2965;1;257;1;0;0;257;0,0715;142;0,0395;0;0;0;228;0,0714;24;14;0,5833;10;0,4167;14;1
RO;CACAULÂNDIA;Deputado Estadual;1;3947;3947;2989;0,7573;958;0,2427;2989;2864;0,9582;2861;0,999;2724;0,9521;55;0,9483;3;0,0517;58;0,0194;67;0,0224;137;0,0479;137;3;0,001;18;16;0,8889;2;0,1111;16;1
RO;CACAULÂNDIA;Deputado Federal;1;3947;3947;2989;0,7573;958;0,2427;2989;2873;0,9612;2873;1;2780;0,9676;48;1;0;0;48;0,0161;68;0,0228;93;0,0324;93;0;0;18;16;0,8889;2;0,1111;16;1
RO;CACAULÂNDIA;Governador;1;3947;3947;2989;0,7573;958;0,2427;2989;2783;0,9311;2783;1;2783;1;137;1;0;0;137;0,0458;69;0,0231;0;0;0;0;0;18;16;0,8889;2;0,1111;16;1
RO;CACAULÂNDIA;Governador;2;3947;3947;3000;0,7601;947;0,2399;3000;2853;0,951;2853;1;2853;1;92;1;0;0;92;0,0307;55;0,0183;0;0;0;0;0;18;16;0,8889;2;0,1111;16;1
RO;CACAULÂNDIA;Presidente;1;3947;3947;2989;0,7573;958;0,2427;2989;2924;0,9783;2924;1;2924;1;44;1;0;0;44;0,0147;21;0,007;0;0;0;0;0;18;16;0,8889;2;0,1111;16;1
RO;CACAULÂNDIA;Presidente;2;3947;3947;3000;0,7601;947;0,2399;3000;2902;0,9673;2902;1;2902;1;65;1;0;0;65;0,0217;33;0,011;0;0;0;0;0;18;16;0,8889;2;0,1111;16;1
RO;CACAULÂNDIA;Senador;1;3947;3947;2989;0,7573;958;0,2427;2989;2747;0,919;2629;0,957;2629;1;156;1;0;0;156;0,0522;86;0,0288;0;0;0;118;0,043;18;16;0,8889;2;0,1111;16;1
RO;CACOAL;Deputado Estadual;1;66495;66495;51082;0,7682;15413;0,2318;51082;48348;0,9465;48245;0,9979;46283;0,9593;952;0,9886;11;0,0114;963;0,0189;1771;0,0347;1962;0,0407;1962;103;0,0021;250;235;0,94;15;0,06;235;1
RO;CACOAL;Deputado Federal;1;66495;66495;51082;0,7682;15413;0,2318;51082;48422;0,9479;48421;1;47023;0,9711;1024;0,9971;3;0,0029;1027;0,0201;1633;0,032;1398;0,0289;1398;1;0;250;235;0,94;15;0,06;235;1
RO;CACOAL;Governador;1;66495;66495;51082;0,7682;15413;0,2318;51082;47080;0,9217;47080;1;47080;1;2163;1;0;0;2163;0,0423;1839;0,036;0;0;0;0;0;250;235;0,94;15;0,06;235;1
RO;CACOAL;Governador;2;66501;66501;51985;0,7817;14516;0,2183;51985;49451;0,9513;49451;1;49451;1;1440;1;0;0;1440;0,0277;1094;0,021;0;0;0;0;0;250;235;0,94;15;0,06;235;1
RO;CACOAL;Presidente;1;66497;66497;51084;0,7682;15413;0,2318;51084;49866;0,9762;49866;1;49866;1;676;1;0;0;676;0,0132;542;0,0106;0;0;0;0;0;250;235;0,94;15;0,06;235;1
RO;CACOAL;Presidente;2;66503;66503;51987;0,7817;14516;0,2183;51987;50417;0,9698;50417;1;50417;1;1032;1;0;0;1032;0,0199;538;0,0103;0;0;0;0;0;250;235;0,94;15;0,06;235;1
RO;CACOAL;Senador;1;66495;66495;51082;0,7682;15413;0,2318;51082;45809;0,8968;42514;0,9281;42514;1;2653;1;0;0;2653;0,0519;2620;0,0513;0;0;0;3295;0,0719;250;235;0,94;15;0,06;235;1
RO;CAMPO NOVO DE RONDÔNIA;Deputado Estadual;1;7747;7747;5564;0,7182;2183;0,2818;5564;5358;0,963;5356;0,9996;5033;0,9397;66;1;0;0;66;0,0119;140;0,0252;323;0,0603;323;2;0,0004;28;28;1;0;0;28;1
RO;CAMPO NOVO DE RONDÔNIA;Deputado Federal;1;7747;7747;5564;0,7182;2183;0,2818;5564;5318;0,9558;5318;1;5118;0,9624;86;0,9885;1;0,0115;87;0,0156;159;0,0286;200;0,0376;200;0;0;28;28;1;0;0;28;1
RO;CAMPO NOVO DE RONDÔNIA;Governador;1;7747;7747;5564;0,7182;2183;0,2818;5564;5232;0,9403;5232;1;5232;1;222;1;0;0;222;0,0399;110;0,0198;0;0;0;0;0;28;28;1;0;0;28;1
RO;CAMPO NOVO DE RONDÔNIA;Governador;2;7747;7747;5566;0,7185;2181;0,2815;5566;5320;0,9558;5320;1;5320;1;164;1;0;0;164;0,0295;82;0,0147;0;0;0;0;0;28;28;1;0;0;28;1
RO;CAMPO NOVO DE RONDÔNIA;Presidente;1;7748;7748;5565;0,7182;2183;0,2818;5565;5456;0,9804;5456;1;5456;1;71;1;0;0;71;0,0128;38;0,0068;0;0;0;0;0;28;28;1;0;0;28;1
RO;CAMPO NOVO DE RONDÔNIA;Presidente;2;7748;7748;5567;0,7185;2181;0,2815;5567;5403;0,9705;5403;1;5403;1;116;1;0;0;116;0,0208;48;0,0086;0;0;0;0;0;28;28;1;0;0;28;1
RO;CAMPO NOVO DE RONDÔNIA;Senador;1;7747;7747;5564;0,7182;2183;0,2818;5564;5097;0,9161;4834;0,9484;4834;1;276;1;0;0;276;0,0496;191;0,0343;0;0;0;263;0,0516;28;28;1;0;0;28;1
RO;CANDEIAS DO JAMARI;Deputado Estadual;1;18894;18894;13704;0,7253;5190;0,2747;13704;13030;0,9508;12852;0,9863;12123;0,9433;239;0,9958;1;0,0042;240;0,0175;434;0,0317;729;0,0567;729;178;0,0137;65;60;0,9231;5;0,0769;60;1
RO;CANDEIAS DO JAMARI;Deputado Federal;1;18894;18894;13704;0,7253;5190;0,2747;13704;13117;0,9572;13117;1;12655;0,9648;229;0,9871;3;0,0129;232;0,0169;355;0,0259;462;0,0352;462;0;0;65;60;0,9231;5;0,0769;60;1
RO;CANDEIAS DO JAMARI;Governador;1;18894;18894;13704;0,7253;5190;0,2747;13704;12600;0,9194;12600;1;12600;1;720;1;0;0;720;0,0525;384;0,028;0;0;0;0;0;65;60;0,9231;5;0,0769;60;1
RO;CANDEIAS DO JAMARI;Governador;2;18896;18896;13354;0,7067;5542;0,2933;13354;12685;0,9499;12685;1;12685;1;437;1;0;0;437;0,0327;232;0,0174;0;0;0;0;0;65;60;0,9231;5;0,0769;60;1
RO;CANDEIAS DO JAMARI;Presidente;1;18894;18894;13704;0,7253;5190;0,2747;13704;13379;0,9763;13379;1;13379;1;211;1;0;0;211;0,0154;114;0,0083;0;0;0;0;0;65;60;0,9231;5;0,0769;60;1
RO;CANDEIAS DO JAMARI;Presidente;2;18896;18896;13354;0,7067;5542;0,2933;13354;12988;0,9726;12988;1;12988;1;263;1;0;0;263;0,0197;103;0,0077;0;0;0;0;0;65;60;0,9231;5;0,0769;60;1
RO;CANDEIAS DO JAMARI;Senador;1;18894;18894;13704;0,7253;5190;0,2747;13704;12238;0,893;11364;0,9286;11364;1;830;1;0;0;830;0,0606;636;0,0464;0;0;0;874;0,0714;65;60;0,9231;5;0,0769;60;1
RO;CASTANHEIRAS;Deputado Estadual;1;3075;3075;2296;0,7467;779;0,2533;2296;2207;0,9612;2204;0,9986;2089;0,9478;28;1;0;0;28;0,0122;61;0,0266;115;0,0522;115;3;0,0014;12;12;1;0;0;12;1
RO;CASTANHEIRAS;Deputado Federal;1;3075;3075;2296;0,7467;779;0,2533;2296;2199;0,9578;2199;1;2143;0,9745;25;1;0;0;25;0,0109;72;0,0314;56;0,0255;56;0;0;12;12;1;0;0;12;1
RO;CASTANHEIRAS;Governador;1;3075;3075;2296;0,7467;779;0,2533;2296;2141;0,9325;2141;1;2141;1;103;1;0;0;103;0,0449;52;0,0226;0;0;0;0;0;12;12;1;0;0;12;1
RO;CASTANHEIRAS;Governador;2;3076;3076;2287;0,7435;789;0,2565;2287;2167;0,9475;2167;1;2167;1;71;1;0;0;71;0,031;49;0,0214;0;0;0;0;0;12;12;1;0;0;12;1
RO;CASTANHEIRAS;Presidente;1;3075;3075;2296;0,7467;779;0,2533;2296;2250;0,98;2250;1;2250;1;27;1;0;0;27;0,0118;19;0,0083;0;0;0;0;0;12;12;1;0;0;12;1
RO;CASTANHEIRAS;Presidente;2;3076;3076;2287;0,7435;789;0,2565;2287;2218;0,9698;2218;1;2218;1;43;1;0;0;43;0,0188;26;0,0114;0;0;0;0;0;12;12;1;0;0;12;1
RO;CASTANHEIRAS;Senador;1;3075;3075;2296;0,7467;779;0,2533;2296;2132;0,9286;2047;0,9601;2047;1;97;1;0;0;97;0,0422;67;0,0292;0;0;0;85;0,0399;12;12;1;0;0;12;1
RO;CEREJEIRAS;Deputado Estadual;1;12928;12928;10031;0,7759;2897;0,2241;10031;9448;0,9419;9413;0,9963;8918;0,9474;190;1;0;0;190;0,0189;393;0,0392;495;0,0526;495;35;0,0037;61;49;0,8033;12;0,1967;49;1
RO;CEREJEIRAS;Deputado Federal;1;12928;12928;10031;0,7759;2897;0,2241;10031;9433;0,9404;9433;1;9069;0,9614;198;0,9851;3;0,0149;201;0,02;397;0,0396;364;0,0386;364;0;0;61;49;0,8033;12;0,1967;49;1
RO;CEREJEIRAS;Governador;1;12928;12928;10031;0,7759;2897;0,2241;10031;9273;0,9244;9273;1;9273;1;412;1;0;0;412;0,0411;346;0,0345;0;0;0;0;0;61;49;0,8033;12;0,1967;49;1
RO;CEREJEIRAS;Governador;2;12928;12928;10129;0,7835;2799;0,2165;10129;9610;0,9488;9610;1;9610;1;288;1;0;0;288;0,0284;231;0,0228;0;0;0;0;0;61;49;0,8033;12;0,1967;49;1
RO;CEREJEIRAS;Presidente;1;12930;12930;10033;0,7759;2897;0,2241;10033;9799;0,9767;9799;1;9799;1;144;1;0;0;144;0,0144;90;0,009;0;0;0;0;0;61;49;0,8033;12;0,1967;49;1
RO;CEREJEIRAS;Presidente;2;12930;12930;10131;0,7835;2799;0,2165;10131;9844;0,9717;9844;1;9844;1;181;1;0;0;181;0,0179;106;0,0105;0;0;0;0;0;61;49;0,8033;12;0,1967;49;1
RO;CEREJEIRAS;Senador;1;12928;12928;10031;0,7759;2897;0,2241;10031;9034;0,9006;8572;0,9489;8572;1;548;1;0;0;548;0,0546;449;0,0448;0;0;0;462;0,0511;61;49;0,8033;12;0,1967;49;1
RO;CHUPINGUAIA;Deputado Estadual;1;7343;7343;5141;0,7001;2202;0,2999;5141;4902;0,9535;4901;0,9998;4611;0,9408;92;0,9583;4;0,0417;96;0,0187;143;0,0278;290;0,0592;290;1;0,0002;30;26;0,8667;4;0,1333;26;1
RO;CHUPINGUAIA;Deputado Federal;1;7343;7343;5141;0,7001;2202;0,2999;5141;4906;0,9543;4906;1;4728;0,9637;85;1;0;0;85;0,0165;150;0,0292;178;0,0363;178;0;0;30;26;0,8667;4;0,1333;26;1
RO;CHUPINGUAIA;Governador;1;7343;7343;5141;0,7001;2202;0,2999;5141;4737;0,9214;4737;1;4737;1;266;1;0;0;266;0,0517;138;0,0268;0;0;0;0;0;30;26;0,8667;4;0,1333;26;1
RO;CHUPINGUAIA;Governador;2;7343;7343;5069;0,6903;2274;0,3097;5069;4762;0,9394;4762;1;4762;1;186;1;0;0;186;0,0367;121;0,0239;0;0;0;0;0;30;26;0,8667;4;0,1333;26;1
RO;CHUPINGUAIA;Presidente;1;7344;7344;5142;0,7002;2202;0,2998;5142;5030;0,9782;5030;1;5030;1;65;1;0;0;65;0,0126;47;0,0091;0;0;0;0;0;30;26;0,8667;4;0,1333;26;1
RO;CHUPINGUAIA;Presidente;2;7344;7344;5070;0,6904;2274;0,3096;5070;4938;0,974;4938;1;4938;1;97;1;0;0;97;0,0191;35;0,0069;0;0;0;0;0;30;26;0,8667;4;0,1333;26;1
RO;CHUPINGUAIA;Senador;1;7343;7343;5141;0,7001;2202;0,2999;5141;4703;0,9148;4437;0,9434;4437;1;275;1;0;0;275;0,0535;163;0,0317;0;0;0;266;0,0566;30;26;0,8667;4;0,1333;26;1
RO;COLORADO DO OESTE;Deputado Estadual;1;13740;13740;9981;0,7264;3759;0,2736;9981;9371;0,9389;9355;0,9983;8766;0,937;215;0,9908;2;0,0092;217;0,0217;393;0,0394;589;0,063;589;16;0,0017;98;40;0,4082;58;0,5918;40;1
RO;COLORADO DO OESTE;Deputado Federal;1;13740;13740;9981;0,7264;3759;0,2736;9981;9349;0,9367;9348;0,9999;8895;0,9515;234;1;0;0;234;0,0234;398;0,0399;453;0,0485;453;1;0,0001;98;40;0,4082;58;0,5918;40;1
RO;COLORADO DO OESTE;Governador;1;13740;13740;9981;0,7264;3759;0,2736;9981;9108;0,9125;9108;1;9108;1;500;1;0;0;500;0,0501;373;0,0374;0;0;0;0;0;98;40;0,4082;58;0,5918;40;1
RO;COLORADO DO OESTE;Governador;2;13744;13744;10237;0,7448;3507;0,2552;10237;9560;0,9339;9560;1;9560;1;392;1;0;0;392;0,0383;285;0,0278;0;0;0;0;0;98;40;0,4082;58;0,5918;40;1
RO;COLORADO DO OESTE;Presidente;1;13741;13741;9982;0,7264;3759;0,2736;9982;9707;0,9725;9707;1;9707;1;151;1;0;0;151;0,0151;124;0,0124;0;0;0;0;0;98;40;0,4082;58;0,5918;40;1
RO;COLORADO DO OESTE;Presidente;2;13745;13745;10238;0,7449;3507;0,2551;10238;9859;0,963;9859;1;9859;1;242;1;0;0;242;0,0236;137;0,0134;0;0;0;0;0;98;40;0,4082;58;0,5918;40;1
RO;COLORADO DO OESTE;Senador;1;13740;13740;9981;0,7264;3759;0,2736;9981;8753;0,877;8278;0,9457;8278;1;680;1;0;0;680;0,0681;548;0,0549;0;0;0;475;0,0543;98;40;0,4082;58;0,5918;40;1
RO;CORUMBIARA;Deputado Estadual;1;5621;5621;4405;0,7837;1216;0,2163;4405;4204;0,9544;4195;0,9979;3956;0,943;69;1;0;0;69;0,0157;132;0,03;239;0,057;239;9;0,0021;29;24;0,8276;5;0,1724;24;1
RO;CORUMBIARA;Deputado Federal;1;5621;5621;4405;0,7837;1216;0,2163;4405;4152;0,9426;4152;1;3976;0,9576;95;1;0;0;95;0,0216;158;0,0359;176;0,0424;176;0;0;29;24;0,8276;5;0,1724;24;1
RO;CORUMBIARA;Governador;1;5621;5621;4405;0,7837;1216;0,2163;4405;4048;0,919;4048;1;4048;1;229;1;0;0;229;0,052;128;0,0291;0;0;0;0;0;29;24;0,8276;5;0,1724;24;1
RO;CORUMBIARA;Governador;2;5621;5621;4363;0,7762;1258;0,2238;4363;4116;0,9434;4116;1;4116;1;153;1;0;0;153;0,0351;94;0,0215;0;0;0;0;0;29;24;0,8276;5;0,1724;24;1
RO;CORUMBIARA;Presidente;1;5621;5621;4405;0,7837;1216;0,2163;4405;4291;0,9741;4291;1;4291;1;59;1;0;0;59;0,0134;55;0,0125;0;0;0;0;0;29;24;0,8276;5;0,1724;24;1
RO;CORUMBIARA;Presidente;2;5621;5621;4363;0,7762;1258;0,2238;4363;4207;0,9642;4207;1;4207;1;109;1;0;0;109;0,025;47;0,0108;0;0;0;0;0;29;24;0,8276;5;0,1724;24;1
RO;CORUMBIARA;Senador;1;5621;5621;4405;0,7837;1216;0,2163;4405;3941;0,8947;3608;0,9155;3608;1;297;1;0;0;297;0,0674;167;0,0379;0;0;0;333;0,0845;29;24;0,8276;5;0,1724;24;1
RO;COSTA MARQUES;Deputado Estadual;1;9510;9510;6888;0,7243;2622;0,2757;6888;6708;0,9739;6649;0,9912;6298;0,9472;71;1;0;0;71;0,0103;109;0,0158;351;0,0528;351;59;0,0088;37;36;0,973;1;0,027;36;1
RO;COSTA MARQUES;Deputado Federal;1;9510;9510;6888;0,7243;2622;0,2757;6888;6678;0,9695;6678;1;6423;0,9618;80;1;0;0;80;0,0116;130;0,0189;255;0,0382;255;0;0;37;36;0,973;1;0,027;36;1
RO;COSTA MARQUES;Governador;1;9510;9510;6888;0,7243;2622;0,2757;6888;6402;0,9294;6402;1;6402;1;342;1;0;0;342;0,0497;144;0,0209;0;0;0;0;0;37;36;0,973;1;0,027;36;1
RO;COSTA MARQUES;Governador;2;9506;9506;6818;0,7172;2688;0,2828;6818;6566;0,963;6566;1;6566;1;183;1;0;0;183;0,0268;69;0,0101;0;0;0;0;0;37;36;0,973;1;0,027;36;1
RO;COSTA MARQUES;Presidente;1;9511;9511;6889;0,7243;2622;0,2757;6889;6746;0,9792;6746;1;6746;1;92;1;0;0;92;0,0134;51;0,0074;0;0;0;0;0;37;36;0,973;1;0,027;36;1
RO;COSTA MARQUES;Presidente;2;9507;9507;6819;0,7173;2688;0,2827;6819;6645;0,9745;6645;1;6645;1;135;1;0;0;135;0,0198;39;0,0057;0;0;0;0;0;37;36;0,973;1;0,027;36;1
RO;COSTA MARQUES;Senador;1;9510;9510;6888;0,7243;2622;0,2757;6888;6379;0,9261;5929;0,9295;5929;1;326;1;0;0;326;0,0473;183;0,0266;0;0;0;450;0,0705;37;36;0,973;1;0,027;36;1
RO;CUJUBIM;Deputado Estadual;1;11120;11120;7919;0,7121;3201;0,2879;7919;7661;0,9674;7658;0,9996;7244;0,9459;99;0,9802;2;0,0198;101;0,0128;157;0,0198;414;0,0541;414;3;0,0004;38;36;0,9474;2;0,0526;36;1
RO;CUJUBIM;Deputado Federal;1;11120;11120;7919;0,7121;3201;0,2879;7919;7560;0,9547;7560;1;7202;0,9526;125;0,9921;1;0,0079;126;0,0159;233;0,0294;358;0,0474;358;0;0;38;36;0,9474;2;0,0526;36;1
RO;CUJUBIM;Governador;1;11120;11120;7919;0,7121;3201;0,2879;7919;7381;0,9321;7381;1;7381;1;331;1;0;0;331;0,0418;207;0,0261;0;0;0;0;0;38;36;0,9474;2;0,0526;36;1
RO;CUJUBIM;Governador;2;11119;11119;7732;0,6954;3387;0,3046;7732;7401;0,9572;7401;1;7401;1;208;1;0;0;208;0,0269;123;0,0159;0;0;0;0;0;38;36;0,9474;2;0,0526;36;1
RO;CUJUBIM;Presidente;1;11121;11121;7920;0,7122;3201;0,2878;7920;7752;0,9788;7752;1;7752;1;113;1;0;0;113;0,0143;55;0,0069;0;0;0;0;0;38;36;0,9474;2;0,0526;36;1
RO;CUJUBIM;Presidente;2;11120;11120;7733;0,6954;3387;0,3046;7733;7547;0,9759;7547;1;7547;1;123;1;0;0;123;0,0159;63;0,0081;0;0;0;0;0;38;36;0,9474;2;0,0526;36;1
RO;CUJUBIM;Senador;1;11120;11120;7919;0,7121;3201;0,2879;7919;7276;0,9188;6929;0,9523;6929;1;367;1;0;0;367;0,0463;276;0,0349;0;0;0;347;0,0477;38;36;0,9474;2;0,0526;36;1
RO;ESPIGÃO DO OESTE;Deputado Estadual;1;23900;23900;18241;0,7632;5659;0,2368;18241;17157;0,9406;17145;0,9993;16308;0,9512;376;0,9947;2;0,0053;378;0,0207;706;0,0387;837;0,0488;837;12;0,0007;96;86;0,8958;10;0,1042;86;1
RO;ESPIGÃO DO OESTE;Deputado Federal;1;23900;23900;18241;0,7632;5659;0,2368;18241;17130;0,9391;17129;0,9999;16583;0,9681;379;0,9921;3;0,0079;382;0,0209;729;0,04;546;0,0319;546;1;0,0001;96;86;0,8958;10;0,1042;86;1
RO;ESPIGÃO DO OESTE;Governador;1;23900;23900;18241;0,7632;5659;0,2368;18241;16709;0,916;16709;1;16709;1;808;1;0;0;808;0,0443;724;0,0397;0;0;0;0;0;96;86;0,8958;10;0,1042;86;1
RO;ESPIGÃO DO OESTE;Governador;2;23903;23903;18420;0,7706;5483;0,2294;18420;17429;0,9462;17429;1;17429;1;552;1;0;0;552;0,03;439;0,0238;0;0;0;0;0;96;86;0,8958;10;0,1042;86;1
RO;ESPIGÃO DO OESTE;Presidente;1;23900;23900;18241;0,7632;5659;0,2368;18241;17760;0,9736;17760;1;17760;1;283;1;0;0;283;0,0155;198;0,0109;0;0;0;0;0;96;86;0,8958;10;0,1042;86;1
RO;ESPIGÃO DO OESTE;Presidente;2;23903;23903;18420;0,7706;5483;0,2294;18420;17807;0,9667;17807;1;17807;1;420;1;0;0;420;0,0228;193;0,0105;0;0;0;0;0;96;86;0,8958;10;0,1042;86;1
RO;ESPIGÃO DO OESTE;Senador;1;23900;23900;18241;0,7632;5659;0,2368;18241;16181;0,8871;15131;0,9351;15131;1;969;1;0;0;969;0,0531;1091;0,0598;0;0;0;1050;0,0649;96;86;0,8958;10;0,1042;86;1
RO;GOVERNADOR JORGE TEIXEIRA;Deputado Estadual;1;7422;7422;5417;0,7299;2005;0,2701;5417;5193;0,9586;5133;0,9884;4819;0,9388;88;0,9888;1;0,0112;89;0,0164;135;0,0249;314;0,0612;314;60;0,0116;32;29;0,9063;3;0,0938;29;1
RO;GOVERNADOR JORGE TEIXEIRA;Deputado Federal;1;7422;7422;5417;0,7299;2005;0,2701;5417;5177;0,9557;5177;1;4985;0,9629;95;1;0;0;95;0,0175;145;0,0268;192;0,0371;192;0;0;32;29;0,9063;3;0,0938;29;1
RO;GOVERNADOR JORGE TEIXEIRA;Governador;1;7422;7422;5417;0,7299;2005;0,2701;5417;5044;0,9311;5044;1;5044;1;240;1;0;0;240;0,0443;133;0,0246;0;0;0;0;0;32;29;0,9063;3;0,0938;29;1
RO;GOVERNADOR JORGE TEIXEIRA;Governador;2;7422;7422;5327;0,7177;2095;0,2823;5327;5076;0,9529;5076;1;5076;1;155;1;0;0;155;0,0291;96;0,018;0;0;0;0;0;32;29;0,9063;3;0,0938;29;1
RO;GOVERNADOR JORGE TEIXEIRA;Presidente;1;7422;7422;5417;0,7299;2005;0,2701;5417;5290;0,9766;5290;1;5290;1;80;1;0;0;80;0,0148;47;0,0087;0;0;0;0;0;32;29;0,9063;3;0,0938;29;1
RO;GOVERNADOR JORGE TEIXEIRA;Presidente;2;7422;7422;5327;0,7177;2095;0,2823;5327;5165;0,9696;5165;1;5165;1;103;1;0;0;103;0,0193;59;0,0111;0;0;0;0;0;32;29;0,9063;3;0,0938;29;1
RO;GOVERNADOR JORGE TEIXEIRA;Senador;1;7422;7422;5417;0,7299;2005;0,2701;5417;4897;0,904;4572;0,9336;4572;1;334;1;0;0;334;0,0617;186;0,0343;0;0;0;325;0,0664;32;29;0,9063;3;0,0938;29;1
RO;GUAJARÁ-MIRIM;Deputado Estadual;1;28155;28155;20947;0,744;7208;0,256;20947;20277;0,968;19816;0,9773;19016;0,9596;266;0,9888;3;0,0112;269;0,0128;401;0,0191;800;0,0404;800;461;0,0227;130;104;0,8;26;0,2;104;1
RO;GUAJARÁ-MIRIM;Deputado Federal;1;28155;28155;20947;0,744;7208;0,256;20947;20061;0,9577;20013;0,9976;19508;0,9748;339;1;0;0;339;0,0162;547;0,0261;505;0,0252;505;48;0,0024;130;104;0,8;26;0,2;104;1
RO;GUAJARÁ-MIRIM;Governador;1;28155;28155;20947;0,744;7208;0,256;20947;19398;0,9261;19398;1;19398;1;945;1;0;0;945;0,0451;604;0,0288;0;0;0;0;0;130;104;0,8;26;0,2;104;1
RO;GUAJARÁ-MIRIM;Governador;2;28154;28154;20367;0,7234;7787;0,2766;20367;19411;0,9531;19411;1;19411;1;625;1;0;0;625;0,0307;331;0,0163;0;0;0;0;0;130;104;0,8;26;0,2;104;1
RO;GUAJARÁ-MIRIM;Presidente;1;28174;28174;20962;0,744;7212;0,256;20962;20555;0,9806;20555;1;20555;1;260;1;0;0;260;0,0124;147;0,007;0;0;0;0;0;130;104;0,8;26;0,2;104;1
RO;GUAJARÁ-MIRIM;Presidente;2;28173;28173;20379;0,7234;7794;0,2766;20379;19839;0,9735;19839;1;19839;1;385;1;0;0;385;0,0189;155;0,0076;0;0;0;0;0;130;104;0,8;26;0,2;104;1
RO;GUAJARÁ-MIRIM;Senador;1;28155;28155;20947;0,744;7208;0,256;20947;19149;0,9142;16997;0,8876;16997;1;973;1;0;0;973;0,0465;825;0,0394;0;0;0;2152;0,1124;130;104;0,8;26;0,2;104;1
RO;ITAPUÃ DO OESTE;Deputado Estadual;1;6445;6445;4562;0,7078;1883;0,2922;4562;4321;0,9472;4289;0,9926;4023;0,938;63;1;0;0;63;0,0138;178;0,039;266;0,062;266;32;0,0074;24;24;1;0;0;24;1
RO;ITAPUÃ DO OESTE;Deputado Federal;1;6445;6445;4562;0,7078;1883;0,2922;4562;4358;0,9553;4358;1;4197;0,9631;61;1;0;0;61;0,0134;143;0,0313;161;0,0369;161;0;0;24;24;1;0;0;24;1
RO;ITAPUÃ DO OESTE;Governador;1;6445;6445;4562;0,7078;1883;0,2922;4562;4164;0,9128;4164;1;4164;1;240;1;0;0;240;0,0526;158;0,0346;0;0;0;0;0;24;24;1;0;0;24;1
RO;ITAPUÃ DO OESTE;Governador;2;6447;6447;4509;0,6994;1938;0,3006;4509;4244;0,9412;4244;1;4244;1;159;1;0;0;159;0,0353;106;0,0235;0;0;0;0;0;24;24;1;0;0;24;1
RO;ITAPUÃ DO OESTE;Presidente;1;6445;6445;4562;0,7078;1883;0,2922;4562;4473;0,9805;4473;1;4473;1;51;1;0;0;51;0,0112;38;0,0083;0;0;0;0;0;24;24;1;0;0;24;1
RO;ITAPUÃ DO OESTE;Presidente;2;6447;6447;4509;0,6994;1938;0,3006;4509;4378;0,9709;4378;1;4378;1;100;1;0;0;100;0,0222;31;0,0069;0;0;0;0;0;24;24;1;0;0;24;1
RO;ITAPUÃ DO OESTE;Senador;1;6445;6445;4562;0,7078;1883;0,2922;4562;4079;0,8941;3908;0,9581;3908;1;276;1;0;0;276;0,0605;207;0,0454;0;0;0;171;0,0419;24;24;1;0;0;24;1
RO;JARU;Deputado Estadual;1;43043;43043;30026;0,6976;13017;0,3024;30026;28689;0,9555;28556;0,9954;27189;0,9521;501;1;0;0;501;0,0167;836;0,0278;1367;0,0479;1367;133;0,0046;165;133;0,8061;32;0,1939;133;1
RO;JARU;Deputado Federal;1;43043;43043;30026;0,6976;13017;0,3024;30026;28563;0,9513;28562;1;27757;0,9718;561;0,9982;1;0,0018;562;0,0187;901;0,03;805;0,0282;805;1;0;165;133;0,8061;32;0,1939;133;1
RO;JARU;Governador;1;43043;43043;30026;0,6976;13017;0,3024;30026;27790;0,9255;27790;1;27790;1;1323;1;0;0;1323;0,0441;913;0,0304;0;0;0;0;0;165;133;0,8061;32;0,1939;133;1
RO;JARU;Governador;2;43055;43055;30453;0,7073;12602;0,2927;30453;28859;0,9477;28859;1;28859;1;993;1;0;0;993;0,0326;601;0,0197;0;0;0;0;0;165;133;0,8061;32;0,1939;133;1
RO;JARU;Presidente;1;43047;43047;30030;0,6976;13017;0,3024;30030;29197;0,9723;29197;1;29197;1;502;1;0;0;502;0,0167;331;0,011;0;0;0;0;0;165;133;0,8061;32;0,1939;133;1
RO;JARU;Presidente;2;43059;43059;30456;0,7073;12603;0,2927;30456;29424;0,9661;29424;1;29424;1;696;1;0;0;696;0,0229;336;0,011;0;0;0;0;0;165;133;0,8061;32;0,1939;133;1
RO;JARU;Senador;1;43043;43043;30026;0,6976;13017;0,3024;30026;27097;0,9025;25748;0,9502;25748;1;1644;1;0;0;1644;0,0548;1285;0,0428;0;0;0;1349;0,0498;165;133;0,8061;32;0,1939;133;1
RO;JI-PARANÁ;Deputado Estadual;1;92330;92330;69557;0,7534;22773;0,2466;69557;66050;0,9496;65797;0,9962;63137;0,9596;1306;0,9962;5;0,0038;1311;0,0188;2196;0,0316;2660;0,0404;2660;253;0,0038;353;301;0,8527;52;0,1473;301;1
RO;JI-PARANÁ;Deputado Federal;1;92330;92330;69557;0,7534;22773;0,2466;69557;65699;0,9445;65698;1;63742;0,9702;1438;0,9931;10;0,0069;1448;0,0208;2410;0,0346;1956;0,0298;1956;1;0;353;301;0,8527;52;0,1473;301;1
RO;JI-PARANÁ;Governador;1;92330;92330;69557;0,7534;22773;0,2466;69557;64573;0,9283;64573;1;64573;1;2911;1;0;0;2911;0,0419;2073;0,0298;0;0;0;0;0;353;301;0,8527;52;0,1473;301;1
RO;JI-PARANÁ;Governador;2;92355;92355;70202;0,7601;22153;0,2399;70202;66939;0,9535;66939;1;66939;1;2030;1;0;0;2030;0,0289;1233;0,0176;0;0;0;0;0;353;301;0,8527;52;0,1473;301;1
RO;JI-PARANÁ;Presidente;1;92331;92331;69558;0,7534;22773;0,2466;69558;67955;0,977;67955;1;67955;1;942;1;0;0;942;0,0135;661;0,0095;0;0;0;0;0;353;301;0,8527;52;0,1473;301;1
RO;JI-PARANÁ;Presidente;2;92356;92356;70203;0,7601;22153;0,2399;70203;68126;0,9704;68126;1;68126;1;1406;1;0;0;1406;0,02;671;0,0096;0;0;0;0;0;353;301;0,8527;52;0,1473;301;1
RO;JI-PARANÁ;Senador;1;92330;92330;69557;0,7534;22773;0,2466;69557;62569;0,8995;53616;0,8569;53616;1;3592;1;0;0;3592;0,0516;3396;0,0488;0;0;0;8953;0,1431;353;301;0,8527;52;0,1473;301;1
RO;MACHADINHO D'OESTE;Deputado Estadual;1;23633;23633;16522;0,6991;7111;0,3009;16522;15891;0,9618;15814;0,9952;14876;0,9407;191;0,9948;1;0,0052;192;0,0116;439;0,0266;938;0,0593;938;77;0,0048;98;79;0,8061;19;0,1939;79;1
RO;MACHADINHO D'OESTE;Deputado Federal;1;23633;23633;16522;0,6991;7111;0,3009;16522;15750;0,9533;15750;1;15222;0,9665;199;0,7057;83;0,2943;282;0,0171;490;0,0297;528;0,0335;528;0;0;98;79;0,8061;19;0,1939;79;1
RO;MACHADINHO D'OESTE;Governador;1;23633;23633;16522;0,6991;7111;0,3009;16522;15383;0,9311;15383;1;15383;1;698;1;0;0;698;0,0422;441;0,0267;0;0;0;0;0;98;79;0,8061;19;0,1939;79;1
RO;MACHADINHO D'OESTE;Governador;2;23633;23633;16638;0,704;6995;0,296;16638;15931;0,9575;15931;1;15931;1;418;1;0;0;418;0,0251;289;0,0174;0;0;0;0;0;98;79;0,8061;19;0,1939;79;1
RO;MACHADINHO D'OESTE;Presidente;1;23639;23639;16528;0,6992;7111;0,3008;16528;16218;0,9812;16218;1;16218;1;183;1;0;0;183;0,0111;127;0,0077;0;0;0;0;0;98;79;0,8061;19;0,1939;79;1
RO;MACHADINHO D'OESTE;Presidente;2;23639;23639;16644;0,7041;6995;0,2959;16644;16240;0,9757;16240;1;16240;1;273;1;0;0;273;0,0164;131;0,0079;0;0;0;0;0;98;79;0,8061;19;0,1939;79;1
RO;MACHADINHO D'OESTE;Senador;1;23633;23633;16522;0,6991;7111;0,3009;16522;15101;0,914;13505;0,8943;13505;1;788;1;0;0;788;0,0477;633;0,0383;0;0;0;1596;0,1057;98;79;0,8061;19;0,1939;79;1
RO;MINISTRO ANDREAZZA;Deputado Estadual;1;6001;6001;4633;0,772;1368;0,228;4633;4445;0,9594;4439;0,9987;4170;0,9394;75;1;0;0;75;0,0162;113;0,0244;269;0,0606;269;6;0,0013;26;19;0,7308;7;0,2692;19;1
RO;MINISTRO ANDREAZZA;Deputado Federal;1;6001;6001;4633;0,772;1368;0,228;4633;4426;0,9553;4426;1;4272;0,9652;93;0,9894;1;0,0106;94;0,0203;113;0,0244;154;0,0348;154;0;0;26;19;0,7308;7;0,2692;19;1
RO;MINISTRO ANDREAZZA;Governador;1;6001;6001;4633;0,772;1368;0,228;4633;4259;0,9193;4259;1;4259;1;236;1;0;0;236;0,0509;138;0,0298;0;0;0;0;0;26;19;0,7308;7;0,2692;19;1
RO;MINISTRO ANDREAZZA;Governador;2;6002;6002;4687;0,7809;1315;0,2191;4687;4456;0,9507;4456;1;4456;1;149;1;0;0;149;0,0318;82;0,0175;0;0;0;0;0;26;19;0,7308;7;0,2692;19;1
RO;MINISTRO ANDREAZZA;Presidente;1;6001;6001;4633;0,772;1368;0,228;4633;4518;0,9752;4518;1;4518;1;80;1;0;0;80;0,0173;35;0,0076;0;0;0;0;0;26;19;0,7308;7;0,2692;19;1
RO;MINISTRO ANDREAZZA;Presidente;2;6002;6002;4687;0,7809;1315;0,2191;4687;4542;0,9691;4542;1;4542;1;111;1;0;0;111;0,0237;34;0,0073;0;0;0;0;0;26;19;0,7308;7;0,2692;19;1
RO;MINISTRO ANDREAZZA;Senador;1;6001;6001;4633;0,772;1368;0,228;4633;4116;0,8884;3675;0,8929;3675;1;318;1;0;0;318;0,0686;199;0,043;0;0;0;441;0,1071;26;19;0,7308;7;0,2692;19;1
RO;MIRANTE DA SERRA;Deputado Estadual;1;9138;9138;6527;0,7143;2611;0,2857;6527;6239;0,9559;6193;0,9926;5816;0,9391;91;0,9381;6;0,0619;97;0,0149;191;0,0293;377;0,0609;377;46;0,0074;35;35;1;0;0;35;1
RO;MIRANTE DA SERRA;Deputado Federal;1;9138;9138;6527;0,7143;2611;0,2857;6527;6248;0,9573;6248;1;5990;0,9587;96;0,9796;2;0,0204;98;0,015;181;0,0277;258;0,0413;258;0;0;35;35;1;0;0;35;1
RO;MIRANTE DA SERRA;Governador;1;9138;9138;6527;0,7143;2611;0,2857;6527;6022;0,9226;6022;1;6022;1;311;1;0;0;311;0,0476;194;0,0297;0;0;0;0;0;35;35;1;0;0;35;1
RO;MIRANTE DA SERRA;Governador;2;9138;9138;6529;0,7145;2609;0,2855;6529;6135;0,9397;6135;1;6135;1;241;1;0;0;241;0,0369;153;0,0234;0;0;0;0;0;35;35;1;0;0;35;1
RO;MIRANTE DA SERRA;Presidente;1;9138;9138;6527;0,7143;2611;0,2857;6527;6378;0,9772;6378;1;6378;1;83;1;0;0;83;0,0127;66;0,0101;0;0;0;0;0;35;35;1;0;0;35;1
RO;MIRANTE DA SERRA;Presidente;2;9138;9138;6529;0,7145;2609;0,2855;6529;6339;0,9709;6339;1;6339;1;126;1;0;0;126;0,0193;64;0,0098;0;0;0;0;0;35;35;1;0;0;35;1
RO;MIRANTE DA SERRA;Senador;1;9138;9138;6527;0,7143;2611;0,2857;6527;5893;0,9029;4940;0,8383;4940;1;364;1;0;0;364;0,0558;270;0,0414;0;0;0;953;0,1617;35;35;1;0;0;35;1
RO;MONTE NEGRO;Deputado Estadual;1;10082;10082;7305;0,7246;2777;0,2754;7305;7004;0,9588;7001;0,9996;6607;0,9437;123;1;0;0;123;0,0168;178;0,0244;394;0,0563;394;3;0,0004;39;38;0,9744;1;0,0256;38;1
RO;MONTE NEGRO;Deputado Federal;1;10082;10082;7305;0,7246;2777;0,2754;7305;7014;0,9602;7014;1;6764;0,9644;118;1;0;0;118;0,0162;173;0,0237;250;0,0356;250;0;0;39;38;0,9744;1;0,0256;38;1
RO;MONTE NEGRO;Governador;1;10082;10082;7305;0,7246;2777;0,2754;7305;6838;0,9361;6838;1;6838;1;312;1;0;0;312;0,0427;155;0,0212;0;0;0;0;0;39;38;0,9744;1;0,0256;38;1
RO;MONTE NEGRO;Governador;2;10083;10083;7266;0,7206;2817;0,2794;7266;6967;0,9588;6967;1;6967;1;186;1;0;0;186;0,0256;113;0,0156;0;0;0;0;0;39;38;0,9744;1;0,0256;38;1
RO;MONTE NEGRO;Presidente;1;10082;10082;7305;0,7246;2777;0,2754;7305;7161;0,9803;7161;1;7161;1;105;1;0;0;105;0,0144;39;0,0053;0;0;0;0;0;39;38;0,9744;1;0,0256;38;1
RO;MONTE NEGRO;Presidente;2;10083;10083;7266;0,7206;2817;0,2794;7266;7071;0,9732;7071;1;7071;1;137;1;0;0;137;0,0189;58;0,008;0;0;0;0;0;39;38;0,9744;1;0,0256;38;1
RO;MONTE NEGRO;Senador;1;10082;10082;7305;0,7246;2777;0,2754;7305;6683;0,9149;6468;0,9678;6468;1;380;1;0;0;380;0,052;242;0,0331;0;0;0;215;0,0322;39;38;0,9744;1;0,0256;38;1
RO;NOVA BRASILÂNDIA D'OESTE;Deputado Estadual;1;14084;14084;10518;0,7468;3566;0,2532;10518;10059;0,9564;10049;0,999;9593;0,9546;174;0,9886;2;0,0114;176;0,0167;283;0,0269;456;0,0454;456;10;0,001;50;47;0,94;3;0,06;47;1
RO;NOVA BRASILÂNDIA D'OESTE;Deputado Federal;1;14084;14084;10518;0,7468;3566;0,2532;10518;9864;0,9378;9864;1;9492;0,9623;249;0,996;1;0,004;250;0,0238;404;0,0384;372;0,0377;372;0;0;50;47;0,94;3;0,06;47;1
RO;NOVA BRASILÂNDIA D'OESTE;Governador;1;14084;14084;10518;0,7468;3566;0,2532;10518;9691;0,9214;9691;1;9691;1;477;1;0;0;477;0,0454;350;0,0333;0;0;0;0;0;50;47;0,94;3;0,06;47;1
RO;NOVA BRASILÂNDIA D'OESTE;Governador;2;14085;14085;10648;0,756;3437;0,244;10648;10094;0,948;10094;1;10094;1;298;1;0;0;298;0,028;256;0,024;0;0;0;0;0;50;47;0,94;3;0,06;47;1
RO;NOVA BRASILÂNDIA D'OESTE;Presidente;1;14084;14084;10518;0,7468;3566;0,2532;10518;10266;0,976;10266;1;10266;1;136;1;0;0;136;0,0129;116;0,011;0;0;0;0;0;50;47;0,94;3;0,06;47;1
RO;NOVA BRASILÂNDIA D'OESTE;Presidente;2;14085;14085;10648;0,756;3437;0,244;10648;10311;0,9684;10311;1;10311;1;230;1;0;0;230;0,0216;107;0,01;0;0;0;0;0;50;47;0,94;3;0,06;47;1
RO;NOVA BRASILÂNDIA D'OESTE;Senador;1;14084;14084;10518;0,7468;3566;0,2532;10518;9474;0,9007;9048;0,955;9048;1;598;1;0;0;598;0,0569;446;0,0424;0;0;0;426;0,045;50;47;0,94;3;0,06;47;1
RO;NOVA MAMORÉ;Deputado Estadual;1;18003;18003;13395;0,744;4608;0,256;13395;12916;0,9642;12375;0,9581;11647;0,9412;164;0,988;2;0,012;166;0,0124;313;0,0234;728;0,0588;728;541;0,0419;69;60;0,8696;9;0,1304;60;1
RO;NOVA MAMORÉ;Deputado Federal;1;18003;18003;13395;0,744;4608;0,256;13395;12898;0,9629;12898;1;12447;0,965;185;0,9893;2;0,0107;187;0,014;310;0,0231;451;0,035;451;0;0;69;60;0,8696;9;0,1304;60;1
RO;NOVA MAMORÉ;Governador;1;18003;18003;13395;0,744;4608;0,256;13395;12577;0,9389;12577;1;12577;1;533;1;0;0;533;0,0398;285;0,0213;0;0;0;0;0;69;60;0,8696;9;0,1304;60;1
RO;NOVA MAMORÉ;Governador;2;18003;18003;13403;0,7445;4600;0,2555;13403;12887;0,9615;12887;1;12887;1;306;1;0;0;306;0,0228;210;0,0157;0;0;0;0;0;69;60;0,8696;9;0,1304;60;1
RO;NOVA MAMORÉ;Presidente;1;18003;18003;13395;0,744;4608;0,256;13395;13149;0,9816;13149;1;13149;1;155;1;0;0;155;0,0116;91;0,0068;0;0;0;0;0;69;60;0,8696;9;0,1304;60;1
RO;NOVA MAMORÉ;Presidente;2;18003;18003;13403;0,7445;4600;0,2555;13403;13123;0,9791;13123;1;13123;1;191;1;0;0;191;0,0143;89;0,0066;0;0;0;0;0;69;60;0,8696;9;0,1304;60;1
RO;NOVA MAMORÉ;Senador;1;18003;18003;13395;0,744;4608;0,256;13395;12339;0,9212;11737;0,9512;11737;1;646;1;0;0;646;0,0482;410;0,0306;0;0;0;602;0,0488;69;60;0,8696;9;0,1304;60;1
RO;NOVA UNIÃO;Deputado Estadual;1;5566;5566;4132;0,7424;1434;0,2576;4132;4015;0,9717;4003;0,997;3782;0,9448;42;0,8235;9;0,1765;51;0,0123;66;0,016;221;0,0552;221;12;0,003;23;19;0,8261;4;0,1739;19;1
RO;NOVA UNIÃO;Deputado Federal;1;5566;5566;4132;0,7424;1434;0,2576;4132;4007;0,9697;4007;1;3864;0,9643;40;1;0;0;40;0,0097;85;0,0206;143;0,0357;143;0;0;23;19;0,8261;4;0,1739;19;1
RO;NOVA UNIÃO;Governador;1;5566;5566;4132;0,7424;1434;0,2576;4132;3862;0,9347;3862;1;3862;1;185;1;0;0;185;0,0448;85;0,0206;0;0;0;0;0;23;19;0,8261;4;0,1739;19;1
RO;NOVA UNIÃO;Governador;2;5566;5566;4180;0,751;1386;0,249;4180;3906;0,9344;3906;1;3906;1;174;1;0;0;174;0,0416;100;0,0239;0;0;0;0;0;23;19;0,8261;4;0,1739;19;1
RO;NOVA UNIÃO;Presidente;1;5566;5566;4132;0,7424;1434;0,2576;4132;4057;0,9818;4057;1;4057;1;48;1;0;0;48;0,0116;27;0,0065;0;0;0;0;0;23;19;0,8261;4;0,1739;19;1
RO;NOVA UNIÃO;Presidente;2;5566;5566;4180;0,751;1386;0,249;4180;4039;0,9663;4039;1;4039;1;103;1;0;0;103;0,0246;38;0,0091;0;0;0;0;0;23;19;0,8261;4;0,1739;19;1
RO;NOVA UNIÃO;Senador;1;5566;5566;4132;0,7424;1434;0,2576;4132;3758;0,9095;3131;0,8332;3131;1;233;1;0;0;233;0,0564;141;0,0341;0;0;0;627;0,1668;23;19;0,8261;4;0,1739;19;1
RO;NOVO HORIZONTE DO OESTE;Deputado Estadual;1;6839;6839;5437;0,795;1402;0,205;5437;5238;0,9634;5229;0,9983;4926;0,9421;81;0,9759;2;0,0241;83;0,0153;116;0,0213;303;0,0579;303;9;0,0017;30;21;0,7;9;0,3;21;1
RO;NOVO HORIZONTE DO OESTE;Deputado Federal;1;6839;6839;5437;0,795;1402;0,205;5437;5193;0,9551;5193;1;5004;0,9636;112;1;0;0;112;0,0206;132;0,0243;189;0,0364;189;0;0;30;21;0,7;9;0,3;21;1
RO;NOVO HORIZONTE DO OESTE;Governador;1;6839;6839;5437;0,795;1402;0,205;5437;5032;0,9255;5032;1;5032;1;298;1;0;0;298;0,0548;107;0,0197;0;0;0;0;0;30;21;0,7;9;0,3;21;1
RO;NOVO HORIZONTE DO OESTE;Governador;2;6839;6839;5450;0,7969;1389;0,2031;5450;5201;0,9543;5201;1;5201;1;156;1;0;0;156;0,0286;93;0,0171;0;0;0;0;0;30;21;0,7;9;0,3;21;1
RO;NOVO HORIZONTE DO OESTE;Presidente;1;6839;6839;5437;0,795;1402;0,205;5437;5317;0,9779;5317;1;5317;1;72;1;0;0;72;0,0132;48;0,0088;0;0;0;0;0;30;21;0,7;9;0,3;21;1
RO;NOVO HORIZONTE DO OESTE;Presidente;2;6839;6839;5450;0,7969;1389;0,2031;5450;5271;0,9672;5271;1;5271;1;122;1;0;0;122;0,0224;57;0,0105;0;0;0;0;0;30;21;0,7;9;0,3;21;1
RO;NOVO HORIZONTE DO OESTE;Senador;1;6839;6839;5437;0,795;1402;0,205;5437;4968;0,9137;4667;0,9394;4667;1;286;1;0;0;286;0,0526;183;0,0337;0;0;0;301;0,0606;30;21;0,7;9;0,3;21;1
RO;OURO PRETO DO OESTE;Deputado Estadual;1;30339;30339;20945;0,6904;9394;0,3096;20945;19766;0,9437;19525;0,9878;18629;0,9541;484;0,9878;6;0,0122;490;0,0234;689;0,0329;896;0,0459;896;241;0,0122;117;96;0,8205;21;0,1795;96;1
RO;OURO PRETO DO OESTE;Deputado Federal;1;30339;30339;20945;0,6904;9394;0,3096;20945;19888;0,9495;19888;1;19232;0,967;436;0,9909;4;0,0091;440;0,021;617;0,0295;656;0,033;656;0;0;117;96;0,8205;21;0,1795;96;1
RO;OURO PRETO DO OESTE;Governador;1;30339;30339;20945;0,6904;9394;0,3096;20945;19386;0,9256;19386;1;19386;1;1011;1;0;0;1011;0,0483;548;0,0262;0;0;0;0;0;117;96;0,8205;21;0,1795;96;1
RO;OURO PRETO DO OESTE;Governador;2;30340;30340;21140;0,6968;9200;0,3032;21140;20096;0,9506;20096;1;20096;1;670;1;0;0;670;0,0317;374;0,0177;0;0;0;0;0;117;96;0,8205;21;0,1795;96;1
RO;OURO PRETO DO OESTE;Presidente;1;30339;30339;20945;0,6904;9394;0,3096;20945;20487;0,9781;20487;1;20487;1;296;1;0;0;296;0,0141;162;0,0077;0;0;0;0;0;117;96;0,8205;21;0,1795;96;1
RO;OURO PRETO DO OESTE;Presidente;2;30340;30340;21140;0,6968;9200;0,3032;21140;20503;0,9699;20503;1;20503;1;428;1;0;0;428;0,0202;209;0,0099;0;0;0;0;0;117;96;0,8205;21;0,1795;96;1
RO;OURO PRETO DO OESTE;Senador;1;30339;30339;20945;0,6904;9394;0,3096;20945;18835;0,8993;16722;0,8878;16722;1;1185;1;0;0;1185;0,0566;925;0,0442;0;0;0;2113;0,1122;117;96;0,8205;21;0,1795;96;1
RO;PARECIS;Deputado Estadual;1;3269;3269;2489;0,7614;780;0,2386;2489;2403;0,9654;2392;0,9954;2262;0,9457;40;1;0;0;40;0,0161;46;0,0185;130;0,0543;130;11;0,0046;15;15;1;0;0;15;1
RO;PARECIS;Deputado Federal;1;3269;3269;2489;0,7614;780;0,2386;2489;2410;0,9683;2410;1;2344;0,9726;30;1;0;0;30;0,0121;49;0,0197;66;0,0274;66;0;0;15;15;1;0;0;15;1
RO;PARECIS;Governador;1;3269;3269;2489;0,7614;780;0,2386;2489;2358;0,9474;2358;1;2358;1;96;1;0;0;96;0,0386;35;0,0141;0;0;0;0;0;15;15;1;0;0;15;1
RO;PARECIS;Governador;2;3269;3269;2393;0,732;876;0,268;2393;2307;0,9641;2307;1;2307;1;61;1;0;0;61;0,0255;25;0,0104;0;0;0;0;0;15;15;1;0;0;15;1
RO;PARECIS;Presidente;1;3269;3269;2489;0,7614;780;0,2386;2489;2443;0,9815;2443;1;2443;1;30;1;0;0;30;0,0121;16;0,0064;0;0;0;0;0;15;15;1;0;0;15;1
RO;PARECIS;Presidente;2;3269;3269;2393;0,732;876;0,268;2393;2309;0,9649;2309;1;2309;1;59;1;0;0;59;0,0247;25;0,0104;0;0;0;0;0;15;15;1;0;0;15;1
RO;PARECIS;Senador;1;3269;3269;2489;0,7614;780;0,2386;2489;2289;0,9196;2143;0,9362;2143;1;134;1;0;0;134;0,0538;66;0,0265;0;0;0;146;0,0638;15;15;1;0;0;15;1
RO;PIMENTA BUENO;Deputado Estadual;1;26473;26473;20378;0,7698;6095;0,2302;20378;19009;0,9328;18958;0,9973;18167;0,9583;516;0,9942;3;0,0058;519;0,0255;850;0,0417;791;0,0417;791;51;0,0027;121;113;0,9339;8;0,0661;113;1
RO;PIMENTA BUENO;Deputado Federal;1;26473;26473;20378;0,7698;6095;0,2302;20378;18744;0,9198;18743;0,9999;18224;0,9723;638;0,9637;24;0,0363;662;0,0325;972;0,0477;519;0,0277;519;1;0,0001;121;113;0,9339;8;0,0661;113;1
RO;PIMENTA BUENO;Governador;1;26473;26473;20378;0,7698;6095;0,2302;20378;18307;0,8984;18307;1;18307;1;1163;1;0;0;1163;0,0571;908;0,0446;0;0;0;0;0;121;113;0,9339;8;0,0661;113;1
RO;PIMENTA BUENO;Governador;2;26477;26477;20614;0,7786;5863;0,2214;20614;19258;0,9342;19258;1;19258;1;787;1;0;0;787;0,0382;569;0,0276;0;0;0;0;0;121;113;0,9339;8;0,0661;113;1
RO;PIMENTA BUENO;Presidente;1;26476;26476;20379;0,7697;6097;0,2303;20379;19734;0,9683;19734;1;19734;1;381;1;0;0;381;0,0187;264;0,013;0;0;0;0;0;121;113;0,9339;8;0,0661;113;1
RO;PIMENTA BUENO;Presidente;2;26480;26480;20615;0,7785;5865;0,2215;20615;19859;0,9633;19859;1;19859;1;518;1;0;0;518;0,0251;238;0,0115;0;0;0;0;0;121;113;0,9339;8;0,0661;113;1
RO;PIMENTA BUENO;Senador;1;26473;26473;20378;0,7698;6095;0,2302;20378;17766;0,8718;16348;0,9202;16348;1;1276;1;0;0;1276;0,0626;1336;0,0656;0;0;0;1418;0,0798;121;113;0,9339;8;0,0661;113;1
RO;PIMENTEIRAS DO OESTE;Deputado Estadual;1;1988;1988;1508;0,7586;480;0,2414;1508;1466;0,9721;1458;0,9945;1390;0,9534;21;1;0;0;21;0,0139;21;0,0139;68;0,0466;68;8;0,0055;8;8;1;0;0;8;1
RO;PIMENTEIRAS DO OESTE;Deputado Federal;1;1988;1988;1508;0,7586;480;0,2414;1508;1458;0,9668;1458;1;1410;0,9671;25;1;0;0;25;0,0166;25;0,0166;48;0,0329;48;0;0;8;8;1;0;0;8;1
RO;PIMENTEIRAS DO OESTE;Governador;1;1988;1988;1508;0,7586;480;0,2414;1508;1414;0,9377;1414;1;1414;1;71;1;0;0;71;0,0471;23;0,0153;0;0;0;0;0;8;8;1;0;0;8;1
RO;PIMENTEIRAS DO OESTE;Governador;2;1989;1989;1467;0,7376;522;0,2624;1467;1417;0,9659;1417;1;1417;1;34;1;0;0;34;0,0232;16;0,0109;0;0;0;0;0;8;8;1;0;0;8;1
RO;PIMENTEIRAS DO OESTE;Presidente;1;1988;1988;1508;0,7586;480;0,2414;1508;1483;0,9834;1483;1;1483;1;16;1;0;0;16;0,0106;9;0,006;0;0;0;0;0;8;8;1;0;0;8;1
RO;PIMENTEIRAS DO OESTE;Presidente;2;1989;1989;1467;0,7376;522;0,2624;1467;1438;0,9802;1438;1;1438;1;15;1;0;0;15;0,0102;14;0,0095;0;0;0;0;0;8;8;1;0;0;8;1
RO;PIMENTEIRAS DO OESTE;Senador;1;1988;1988;1508;0,7586;480;0,2414;1508;1404;0,931;1309;0,9323;1309;1;71;1;0;0;71;0,0471;33;0,0219;0;0;0;95;0,0677;8;8;1;0;0;8;1
RO;PORTO VELHO;Deputado Estadual;1;349539;349539;275876;0,7893;73663;0,2107;275876;255722;0,9269;250697;0,9803;238909;0,953;7845;0,9817;146;0,0183;7991;0,029;12163;0,0441;11788;0,047;11788;5025;0,0197;1250;1159;0,9272;91;0,0728;1159;1
RO;PORTO VELHO;Deputado Federal;1;349539;349539;275876;0,7893;73663;0,2107;275876;254907;0,924;254896;1;246573;0,9673;8579;0,9912;76;0,0088;8655;0,0314;12314;0,0446;8323;0,0327;8323;11;0;1250;1159;0,9272;91;0,0728;1159;1
RO;PORTO VELHO;Governador;1;349539;349539;275876;0,7893;73663;0,2107;275876;251968;0,9133;251968;1;251968;1;14485;1;0;0;14485;0,0525;9423;0,0342;0;0;0;0;0;1250;1159;0,9272;91;0,0728;1159;1
RO;PORTO VELHO;Governador;2;349639;349639;270940;0,7749;78699;0,2251;270940;253497;0,9356;253497;1;253497;1;11117;1;0;0;11117;0,041;6326;0,0233;0;0;0;0;0;1250;1159;0,9272;91;0,0728;1159;1
RO;PORTO VELHO;Presidente;1;350692;350692;276890;0,7896;73802;0,2104;276890;269018;0,9716;269018;1;269018;1;4922;1;0;0;4922;0,0178;2950;0,0107;0;0;0;0;0;1250;1159;0,9272;91;0,0728;1159;1
RO;PORTO VELHO;Presidente;2;350722;350722;271850;0,7751;78872;0,2249;271850;261935;0,9635;261935;1;261935;1;6894;1;0;0;6894;0,0254;3021;0,0111;0;0;0;0;0;1250;1159;0,9272;91;0,0728;1159;1
RO;PORTO VELHO;Senador;1;349539;349539;275876;0,7893;73663;0,2107;275876;235850;0,8549;216630;0,9185;216630;1;21174;1;0;0;21174;0,0768;18852;0,0683;0;0;0;19220;0,0815;1250;1159;0,9272;91;0,0728;1159;1
RO;PRESIDENTE MÉDICI;Deputado Estadual;1;15598;15598;11523;0,7387;4075;0,2613;11523;10894;0,9454;10863;0,9972;10248;0,9434;220;0,9865;3;0,0135;223;0,0194;406;0,0352;615;0,0566;615;31;0,0028;79;56;0,7089;23;0,2911;56;1
RO;PRESIDENTE MÉDICI;Deputado Federal;1;15598;15598;11523;0,7387;4075;0,2613;11523;10817;0,9387;10817;1;10373;0,959;222;0,9955;1;0,0045;223;0,0194;483;0,0419;444;0,041;444;0;0;79;56;0,7089;23;0,2911;56;1
RO;PRESIDENTE MÉDICI;Governador;1;15598;15598;11523;0,7387;4075;0,2613;11523;10488;0,9102;10488;1;10488;1;570;1;0;0;570;0,0495;465;0,0404;0;0;0;0;0;79;56;0,7089;23;0,2911;56;1
RO;PRESIDENTE MÉDICI;Governador;2;15599;15599;11652;0,747;3947;0,253;11652;10992;0,9434;10992;1;10992;1;384;1;0;0;384;0,033;276;0,0237;0;0;0;0;0;79;56;0,7089;23;0,2911;56;1
RO;PRESIDENTE MÉDICI;Presidente;1;15598;15598;11523;0,7387;4075;0,2613;11523;11212;0,973;11212;1;11212;1;167;1;0;0;167;0,0145;144;0,0125;0;0;0;0;0;79;56;0,7089;23;0,2911;56;1
RO;PRESIDENTE MÉDICI;Presidente;2;15599;15599;11652;0,747;3947;0,253;11652;11261;0,9664;11261;1;11261;1;260;1;0;0;260;0,0223;131;0,0112;0;0;0;0;0;79;56;0,7089;23;0,2911;56;1
RO;PRESIDENTE MÉDICI;Senador;1;15598;15598;11523;0,7387;4075;0,2613;11523;10162;0,8819;9518;0,9366;9518;1;706;1;0;0;706;0,0613;655;0,0568;0;0;0;644;0,0634;79;56;0,7089;23;0,2911;56;1
RO;PRIMAVERA DE RONDÔNIA;Deputado Estadual;1;2877;2877;2267;0,788;610;0,212;2267;2159;0,9524;2148;0,9949;2044;0,9516;43;1;0;0;43;0,019;65;0,0287;104;0,0484;104;11;0,0051;13;13;1;0;0;13;1
RO;PRIMAVERA DE RONDÔNIA;Deputado Federal;1;2877;2877;2267;0,788;610;0,212;2267;2134;0,9413;2134;1;2063;0,9667;56;0,9825;1;0,0175;57;0,0251;76;0,0335;71;0,0333;71;0;0;13;13;1;0;0;13;1
RO;PRIMAVERA DE RONDÔNIA;Governador;1;2877;2877;2267;0,788;610;0,212;2267;2086;0,9202;2086;1;2086;1;110;1;0;0;110;0,0485;71;0,0313;0;0;0;0;0;13;13;1;0;0;13;1
RO;PRIMAVERA DE RONDÔNIA;Governador;2;2877;2877;2276;0,7911;601;0,2089;2276;2146;0,9429;2146;1;2146;1;82;1;0;0;82;0,036;48;0,0211;0;0;0;0;0;13;13;1;0;0;13;1
RO;PRIMAVERA DE RONDÔNIA;Presidente;1;2877;2877;2267;0,788;610;0,212;2267;2194;0,9678;2194;1;2194;1;52;1;0;0;52;0,0229;21;0,0093;0;0;0;0;0;13;13;1;0;0;13;1
RO;PRIMAVERA DE RONDÔNIA;Presidente;2;2877;2877;2276;0,7911;601;0,2089;2276;2189;0,9618;2189;1;2189;1;58;1;0;0;58;0,0255;29;0,0127;0;0;0;0;0;13;13;1;0;0;13;1
RO;PRIMAVERA DE RONDÔNIA;Senador;1;2877;2877;2267;0,788;610;0,212;2267;2034;0,8972;1946;0,9567;1946;1;136;1;0;0;136;0,06;97;0,0428;0;0;0;88;0,0433;13;13;1;0;0;13;1
RO;RIO CRESPO;Deputado Estadual;1;3322;3322;2389;0,7191;933;0,2809;2389;2326;0,9736;2324;0,9991;2202;0,9475;21;0,9545;1;0,0455;22;0,0092;41;0,0172;122;0,0525;122;2;0,0009;11;11;1;0;0;11;1
RO;RIO CRESPO;Deputado Federal;1;3322;3322;2389;0,7191;933;0,2809;2389;2323;0,9724;2323;1;2249;0,9681;34;1;0;0;34;0,0142;32;0,0134;74;0,0319;74;0;0;11;11;1;0;0;11;1
RO;RIO CRESPO;Governador;1;3322;3322;2389;0,7191;933;0,2809;2389;2230;0,9334;2230;1;2230;1;104;1;0;0;104;0,0435;55;0,023;0;0;0;0;0;11;11;1;0;0;11;1
RO;RIO CRESPO;Governador;2;3323;3323;2402;0,7228;921;0,2772;2402;2321;0,9663;2321;1;2321;1;46;1;0;0;46;0,0192;35;0,0146;0;0;0;0;0;11;11;1;0;0;11;1
RO;RIO CRESPO;Presidente;1;3322;3322;2389;0,7191;933;0,2809;2389;2357;0,9866;2357;1;2357;1;19;1;0;0;19;0,008;13;0,0054;0;0;0;0;0;11;11;1;0;0;11;1
RO;RIO CRESPO;Presidente;2;3323;3323;2402;0,7228;921;0,2772;2402;2342;0,975;2342;1;2342;1;39;1;0;0;39;0,0162;21;0,0087;0;0;0;0;0;11;11;1;0;0;11;1
RO;RIO CRESPO;Senador;1;3322;3322;2389;0,7191;933;0,2809;2389;2209;0,9247;2080;0,9416;2080;1;112;1;0;0;112;0,0469;68;0,0285;0;0;0;129;0,0584;11;11;1;0;0;11;1
RO;ROLIM DE MOURA;Deputado Estadual;1;40497;40497;29895;0,7382;10602;0,2618;29895;27691;0,9263;27536;0,9944;26097;0,9477;752;0,9779;17;0,0221;769;0,0257;1435;0,048;1439;0,0523;1439;155;0,0056;162;136;0,8395;26;0,1605;136;1
RO;ROLIM DE MOURA;Deputado Federal;1;40497;40497;29895;0,7382;10602;0,2618;29895;27299;0,9132;27299;1;26399;0,967;1014;0,9951;5;0,0049;1019;0,0341;1577;0,0528;900;0,033;900;0;0;162;136;0,8395;26;0,1605;136;1
RO;ROLIM DE MOURA;Governador;1;40497;40497;29895;0,7382;10602;0,2618;29895;26982;0,9026;26982;1;26982;1;1599;1;0;0;1599;0,0535;1314;0,044;0;0;0;0;0;162;136;0,8395;26;0,1605;136;1
RO;ROLIM DE MOURA;Governador;2;40506;40506;30627;0,7561;9879;0,2439;30627;28768;0,9393;28768;1;28768;1;1069;1;0;0;1069;0,0349;790;0,0258;0;0;0;0;0;162;136;0,8395;26;0,1605;136;1
RO;ROLIM DE MOURA;Presidente;1;40497;40497;29895;0,7382;10602;0,2618;29895;29023;0,9708;29023;1;29023;1;468;1;0;0;468;0,0157;404;0,0135;0;0;0;0;0;162;136;0,8395;26;0,1605;136;1
RO;ROLIM DE MOURA;Presidente;2;40506;40506;30627;0,7561;9879;0,2439;30627;29537;0,9644;29537;1;29537;1;726;1;0;0;726;0,0237;364;0,0119;0;0;0;0;0;162;136;0,8395;26;0,1605;136;1
RO;ROLIM DE MOURA;Senador;1;40497;40497;29895;0,7382;10602;0,2618;29895;26196;0,8763;25176;0,9611;25176;1;1866;1;0;0;1866;0,0624;1833;0,0613;0;0;0;1020;0,0389;162;136;0,8395;26;0,1605;136;1
RO;SANTA LUZIA D'OESTE;Deputado Estadual;1;6834;6834;4915;0,7192;1919;0,2808;4915;4620;0,94;4596;0,9948;4315;0,9389;98;0,9899;1;0,0101;99;0,0201;196;0,0399;281;0,0611;281;24;0,0052;33;21;0,6364;12;0,3636;21;1
RO;SANTA LUZIA D'OESTE;Deputado Federal;1;6834;6834;4915;0,7192;1919;0,2808;4915;4577;0,9312;4577;1;4377;0,9563;126;1;0;0;126;0,0256;212;0,0431;200;0,0437;200;0;0;33;21;0,6364;12;0,3636;21;1
RO;SANTA LUZIA D'OESTE;Governador;1;6834;6834;4915;0,7192;1919;0,2808;4915;4511;0,9178;4511;1;4511;1;261;1;0;0;261;0,0531;143;0,0291;0;0;0;0;0;33;21;0,6364;12;0,3636;21;1
RO;SANTA LUZIA D'OESTE;Governador;2;6835;6835;5047;0,7384;1788;0,2616;5047;4821;0,9552;4821;1;4821;1;156;1;0;0;156;0,0309;70;0,0139;0;0;0;0;0;33;21;0,6364;12;0,3636;21;1
RO;SANTA LUZIA D'OESTE;Presidente;1;6834;6834;4915;0,7192;1919;0,2808;4915;4776;0,9717;4776;1;4776;1;81;1;0;0;81;0,0165;58;0,0118;0;0;0;0;0;33;21;0,6364;12;0,3636;21;1
RO;SANTA LUZIA D'OESTE;Presidente;2;6835;6835;5047;0,7384;1788;0,2616;5047;4836;0,9582;4836;1;4836;1;155;1;0;0;155;0,0307;56;0,0111;0;0;0;0;0;33;21;0,6364;12;0,3636;21;1
RO;SANTA LUZIA D'OESTE;Senador;1;6834;6834;4915;0,7192;1919;0,2808;4915;4365;0,8881;4160;0,953;4160;1;309;1;0;0;309;0,0629;241;0,049;0;0;0;205;0,047;33;21;0,6364;12;0,3636;21;1
RO;SERINGUEIRAS;Deputado Estadual;1;10067;10067;7405;0,7356;2662;0,2644;7405;7131;0,963;7121;0,9986;6768;0,9504;104;1;0;0;104;0,014;170;0,023;353;0,0496;353;10;0,0014;38;36;0,9474;2;0,0526;36;1
RO;SERINGUEIRAS;Deputado Federal;1;10067;10067;7405;0,7356;2662;0,2644;7405;7062;0,9537;7062;1;6816;0,9652;136;0,9855;2;0,0145;138;0,0186;205;0,0277;246;0,0348;246;0;0;38;36;0,9474;2;0,0526;36;1
RO;SERINGUEIRAS;Governador;1;10067;10067;7405;0,7356;2662;0,2644;7405;6803;0,9187;6803;1;6803;1;383;1;0;0;383;0,0517;219;0,0296;0;0;0;0;0;38;36;0,9474;2;0,0526;36;1
RO;SERINGUEIRAS;Governador;2;10069;10069;7428;0,7377;2641;0,2623;7428;6999;0,9422;6999;1;6999;1;225;1;0;0;225;0,0303;204;0,0275;0;0;0;0;0;38;36;0,9474;2;0,0526;36;1
RO;SERINGUEIRAS;Presidente;1;10067;10067;7405;0,7356;2662;0,2644;7405;7241;0,9779;7241;1;7241;1;99;1;0;0;99;0,0134;65;0,0088;0;0;0;0;0;38;36;0,9474;2;0,0526;36;1
RO;SERINGUEIRAS;Presidente;2;10069;10069;7428;0,7377;2641;0,2623;7428;7191;0,9681;7191;1;7191;1;158;1;0;0;158;0,0213;79;0,0106;0;0;0;0;0;38;36;0,9474;2;0,0526;36;1
RO;SERINGUEIRAS;Senador;1;10067;10067;7405;0,7356;2662;0,2644;7405;6743;0,9106;6196;0,9189;6196;1;377;1;0;0;377;0,0509;285;0,0385;0;0;0;547;0,0811;38;36;0,9474;2;0,0526;36;1
RO;SÃO FELIPE D'OESTE;Deputado Estadual;1;4435;4435;3420;0,7711;1015;0,2289;3420;3265;0,9547;3252;0,996;3052;0,9385;67;1;0;0;67;0,0196;88;0,0257;200;0,0615;200;13;0,004;26;13;0,5;13;0,5;13;1
RO;SÃO FELIPE D'OESTE;Deputado Federal;1;4435;4435;3420;0,7711;1015;0,2289;3420;3220;0,9415;3220;1;3109;0,9655;99;1;0;0;99;0,0289;101;0,0295;111;0,0345;111;0;0;26;13;0,5;13;0,5;13;1
RO;SÃO FELIPE D'OESTE;Governador;1;4435;4435;3420;0,7711;1015;0,2289;3420;3121;0,9126;3121;1;3121;1;195;1;0;0;195;0,057;104;0,0304;0;0;0;0;0;26;13;0,5;13;0,5;13;1
RO;SÃO FELIPE D'OESTE;Governador;2;4437;4437;3538;0,7974;899;0,2026;3538;3341;0,9443;3341;1;3341;1;120;1;0;0;120;0,0339;77;0,0218;0;0;0;0;0;26;13;0,5;13;0,5;13;1
RO;SÃO FELIPE D'OESTE;Presidente;1;4435;4435;3420;0,7711;1015;0,2289;3420;3340;0,9766;3340;1;3340;1;50;1;0;0;50;0,0146;30;0,0088;0;0;0;0;0;26;13;0,5;13;0,5;13;1
RO;SÃO FELIPE D'OESTE;Presidente;2;4437;4437;3538;0,7974;899;0,2026;3538;3368;0,952;3368;1;3368;1;110;1;0;0;110;0,0311;60;0,017;0;0;0;0;0;26;13;0,5;13;0,5;13;1
RO;SÃO FELIPE D'OESTE;Senador;1;4435;4435;3420;0,7711;1015;0,2289;3420;3053;0,8927;2812;0,9211;2812;1;222;1;0;0;222;0,0649;145;0,0424;0;0;0;241;0,0789;26;13;0,5;13;0,5;13;1
RO;SÃO FRANCISCO DO GUAPORÉ;Deputado Estadual;1;12554;12554;9380;0,7472;3174;0,2528;9380;9082;0,9682;9055;0,997;8641;0,9543;88;0,9778;2;0,0222;90;0,0096;208;0,0222;414;0,0457;414;27;0,003;45;45;1;0;0;45;1
RO;SÃO FRANCISCO DO GUAPORÉ;Deputado Federal;1;12554;12554;9380;0,7472;3174;0,2528;9380;9027;0,9624;9027;1;8711;0,965;125;1;0;0;125;0,0133;228;0,0243;316;0,035;316;0;0;45;45;1;0;0;45;1
RO;SÃO FRANCISCO DO GUAPORÉ;Governador;1;12554;12554;9380;0,7472;3174;0,2528;9380;8712;0,9288;8712;1;8712;1;398;1;0;0;398;0,0424;270;0,0288;0;0;0;0;0;45;45;1;0;0;45;1
RO;SÃO FRANCISCO DO GUAPORÉ;Governador;2;12555;12555;9320;0,7423;3235;0,2577;9320;8900;0,9549;8900;1;8900;1;247;1;0;0;247;0,0265;173;0,0186;0;0;0;0;0;45;45;1;0;0;45;1
RO;SÃO FRANCISCO DO GUAPORÉ;Presidente;1;12556;12556;9382;0,7472;3174;0,2528;9382;9209;0,9816;9209;1;9209;1;89;1;0;0;89;0,0095;84;0,009;0;0;0;0;0;45;45;1;0;0;45;1
RO;SÃO FRANCISCO DO GUAPORÉ;Presidente;2;12557;12557;9322;0,7424;3235;0,2576;9322;9104;0,9766;9104;1;9104;1;141;1;0;0;141;0,0151;77;0,0083;0;0;0;0;0;45;45;1;0;0;45;1
RO;SÃO FRANCISCO DO GUAPORÉ;Senador;1;12554;12554;9380;0,7472;3174;0,2528;9380;8612;0,9181;7606;0,8832;7606;1;412;1;0;0;412;0,0439;356;0,038;0;0;0;1006;0,1168;45;45;1;0;0;45;1
RO;SÃO MIGUEL DO GUAPORÉ;Deputado Estadual;1;17388;17388;12928;0,7435;4460;0,2565;12928;12403;0,9594;12379;0,9981;11790;0,9524;160;1;0;0;160;0,0124;365;0,0282;589;0,0476;589;24;0,0019;57;57;1;0;0;57;1
RO;SÃO MIGUEL DO GUAPORÉ;Deputado Federal;1;17388;17388;12928;0,7435;4460;0,2565;12928;12227;0,9458;12227;1;11700;0,9569;247;0,992;2;0,008;249;0,0193;452;0,035;527;0,0431;527;0;0;57;57;1;0;0;57;1
RO;SÃO MIGUEL DO GUAPORÉ;Governador;1;17388;17388;12928;0,7435;4460;0,2565;12928;11923;0,9223;11923;1;11923;1;593;1;0;0;593;0,0459;412;0,0319;0;0;0;0;0;57;57;1;0;0;57;1
RO;SÃO MIGUEL DO GUAPORÉ;Governador;2;17394;17394;12971;0,7457;4423;0,2543;12971;12362;0,953;12362;1;12362;1;358;1;0;0;358;0,0276;251;0,0194;0;0;0;0;0;57;57;1;0;0;57;1
RO;SÃO MIGUEL DO GUAPORÉ;Presidente;1;17389;17389;12929;0,7435;4460;0,2565;12929;12610;0,9753;12610;1;12610;1;181;1;0;0;181;0,014;138;0,0107;0;0;0;0;0;57;57;1;0;0;57;1
RO;SÃO MIGUEL DO GUAPORÉ;Presidente;2;17395;17395;12971;0,7457;4424;0,2543;12971;12562;0,9685;12562;1;12562;1;280;1;0;0;280;0,0216;129;0,0099;0;0;0;0;0;57;57;1;0;0;57;1
RO;SÃO MIGUEL DO GUAPORÉ;Senador;1;17388;17388;12928;0,7435;4460;0,2565;12928;11686;0,9039;10778;0,9223;10778;1;655;1;0;0;655;0,0507;587;0,0454;0;0;0;908;0,0777;57;57;1;0;0;57;1
RO;TEIXEIRÓPOLIS;Deputado Estadual;1;4088;4088;3046;0,7451;1042;0,2549;3046;2911;0,9557;2881;0,9897;2716;0,9427;38;1;0;0;38;0,0125;97;0,0318;165;0,0573;165;30;0,0103;16;16;1;0;0;16;1
RO;TEIXEIRÓPOLIS;Deputado Federal;1;4088;4088;3046;0,7451;1042;0,2549;3046;2939;0,9649;2939;1;2852;0,9704;33;1;0;0;33;0,0108;74;0,0243;87;0,0296;87;0;0;16;16;1;0;0;16;1
RO;TEIXEIRÓPOLIS;Governador;1;4088;4088;3046;0,7451;1042;0,2549;3046;2842;0,933;2842;1;2842;1;135;1;0;0;135;0,0443;69;0,0227;0;0;0;0;0;16;16;1;0;0;16;1
RO;TEIXEIRÓPOLIS;Governador;2;4088;4088;3068;0,7505;1020;0,2495;3068;2888;0,9413;2888;1;2888;1;93;1;0;0;93;0,0303;87;0,0284;0;0;0;0;0;16;16;1;0;0;16;1
RO;TEIXEIRÓPOLIS;Presidente;1;4088;4088;3046;0,7451;1042;0,2549;3046;2975;0,9767;2975;1;2975;1;43;1;0;0;43;0,0141;28;0,0092;0;0;0;0;0;16;16;1;0;0;16;1
RO;TEIXEIRÓPOLIS;Presidente;2;4088;4088;3068;0,7505;1020;0,2495;3068;2988;0,9739;2988;1;2988;1;46;1;0;0;46;0,015;34;0,0111;0;0;0;0;0;16;16;1;0;0;16;1
RO;TEIXEIRÓPOLIS;Senador;1;4088;4088;3046;0,7451;1042;0,2549;3046;2767;0,9084;2265;0,8186;2265;1;152;1;0;0;152;0,0499;127;0,0417;0;0;0;502;0,1814;16;16;1;0;0;16;1
RO;THEOBROMA;Deputado Estadual;1;8054;8054;5830;0,7239;2224;0,2761;5830;5620;0,964;5571;0,9913;5226;0,9381;97;1;0;0;97;0,0166;113;0,0194;345;0,0619;345;49;0,0087;32;31;0,9688;1;0,0313;31;1
RO;THEOBROMA;Deputado Federal;1;8054;8054;5830;0,7239;2224;0,2761;5830;5605;0,9614;5605;1;5397;0,9629;98;1;0;0;98;0,0168;127;0,0218;208;0,0371;208;0;0;32;31;0,9688;1;0,0313;31;1
RO;THEOBROMA;Governador;1;8054;8054;5830;0,7239;2224;0,2761;5830;5350;0,9177;5350;1;5350;1;349;1;0;0;349;0,0599;131;0,0225;0;0;0;0;0;32;31;0,9688;1;0,0313;31;1
RO;THEOBROMA;Governador;2;8054;8054;5753;0,7143;2301;0,2857;5753;5470;0,9508;5470;1;5470;1;184;1;0;0;184;0,032;99;0,0172;0;0;0;0;0;32;31;0,9688;1;0,0313;31;1
RO;THEOBROMA;Presidente;1;8054;8054;5830;0,7239;2224;0,2761;5830;5673;0,9731;5673;1;5673;1;95;1;0;0;95;0,0163;62;0,0106;0;0;0;0;0;32;31;0,9688;1;0,0313;31;1
RO;THEOBROMA;Presidente;2;8054;8054;5753;0,7143;2301;0,2857;5753;5600;0,9734;5600;1;5600;1;103;1;0;0;103;0,0179;50;0,0087;0;0;0;0;0;32;31;0,9688;1;0,0313;31;1
RO;THEOBROMA;Senador;1;8054;8054;5830;0,7239;2224;0,2761;5830;5254;0,9012;4842;0,9216;4842;1;389;1;0;0;389;0,0667;187;0,0321;0;0;0;412;0,0784;32;31;0,9688;1;0,0313;31;1
RO;URUPÁ;Deputado Estadual;1;9542;9542;6817;0,7144;2725;0,2856;6817;6457;0,9472;6414;0,9933;6025;0,9394;116;0,9667;4;0,0333;120;0,0176;240;0,0352;389;0,0606;389;43;0,0067;35;33;0,9429;2;0,0571;33;1
RO;URUPÁ;Deputado Federal;1;9542;9542;6817;0,7144;2725;0,2856;6817;6478;0,9503;6478;1;6194;0,9562;108;0,9908;1;0,0092;109;0,016;230;0,0337;284;0,0438;284;0;0;35;33;0,9429;2;0,0571;33;1
RO;URUPÁ;Governador;1;9542;9542;6817;0,7144;2725;0,2856;6817;6220;0,9124;6220;1;6220;1;377;1;0;0;377;0,0553;220;0,0323;0;0;0;0;0;35;33;0,9429;2;0,0571;33;1
RO;URUPÁ;Governador;2;9542;9542;6863;0,7192;2679;0,2808;6863;6429;0,9368;6429;1;6429;1;249;1;0;0;249;0,0363;185;0,027;0;0;0;0;0;35;33;0,9429;2;0,0571;33;1
RO;URUPÁ;Presidente;1;9543;9543;6818;0,7145;2725;0,2855;6818;6624;0,9715;6624;1;6624;1;112;1;0;0;112;0,0164;82;0,012;0;0;0;0;0;35;33;0,9429;2;0,0571;33;1
RO;URUPÁ;Presidente;2;9543;9543;6864;0,7193;2679;0,2807;6864;6624;0,965;6624;1;6624;1;142;1;0;0;142;0,0207;98;0,0143;0;0;0;0;0;35;33;0,9429;2;0,0571;33;1
RO;URUPÁ;Senador;1;9542;9542;6817;0,7144;2725;0,2856;6817;6113;0,8967;5369;0,8783;5369;1;372;1;0;0;372;0,0546;332;0,0487;0;0;0;744;0,1217;35;33;0,9429;2;0,0571;33;1
RO;VALE DO ANARI;Deputado Estadual;1;6381;6381;4739;0,7427;1642;0,2573;4739;4603;0,9713;4600;0,9993;4300;0,9348;60;1;0;0;60;0,0127;76;0,016;300;0,0652;300;3;0,0007;22;21;0,9545;1;0,0455;21;1
RO;VALE DO ANARI;Deputado Federal;1;6381;6381;4739;0,7427;1642;0,2573;4739;4597;0,97;4597;1;4449;0,9678;56;0,9825;1;0,0175;57;0,012;85;0,0179;148;0,0322;148;0;0;22;21;0,9545;1;0,0455;21;1
RO;VALE DO ANARI;Governador;1;6381;6381;4739;0,7427;1642;0,2573;4739;4458;0,9407;4458;1;4458;1;204;1;0;0;204;0,043;77;0,0162;0;0;0;0;0;22;21;0,9545;1;0,0455;21;1
RO;VALE DO ANARI;Governador;2;6382;6382;4692;0,7352;1690;0,2648;4692;4484;0,9557;4484;1;4484;1;143;1;0;0;143;0,0305;65;0,0139;0;0;0;0;0;22;21;0,9545;1;0,0455;21;1
RO;VALE DO ANARI;Presidente;1;6381;6381;4739;0,7427;1642;0,2573;4739;4649;0,981;4649;1;4649;1;59;1;0;0;59;0,0124;31;0,0065;0;0;0;0;0;22;21;0,9545;1;0,0455;21;1
RO;VALE DO ANARI;Presidente;2;6382;6382;4692;0,7352;1690;0,2648;4692;4543;0,9682;4543;1;4543;1;98;1;0;0;98;0,0209;51;0,0109;0;0;0;0;0;22;21;0,9545;1;0,0455;21;1
RO;VALE DO ANARI;Senador;1;6381;6381;4739;0,7427;1642;0,2573;4739;4360;0,92;4007;0,919;4007;1;255;1;0;0;255;0,0538;124;0,0262;0;0;0;353;0,081;22;21;0,9545;1;0,0455;21;1
RO;VALE DO PARAÍSO;Deputado Estadual;1;6175;6175;4441;0,7192;1734;0,2808;4441;4250;0,957;4236;0,9967;3973;0,9379;69;1;0;0;69;0,0155;122;0,0275;263;0,0621;263;14;0,0033;25;23;0,92;2;0,08;23;1
RO;VALE DO PARAÍSO;Deputado Federal;1;6175;6175;4441;0,7192;1734;0,2808;4441;4274;0,9624;4274;1;4099;0,9591;61;1;0;0;61;0,0137;106;0,0239;175;0,0409;175;0;0;25;23;0,92;2;0,08;23;1
RO;VALE DO PARAÍSO;Governador;1;6175;6175;4441;0,7192;1734;0,2808;4441;4172;0,9394;4172;1;4172;1;180;1;0;0;180;0,0405;89;0,02;0;0;0;0;0;25;23;0,92;2;0,08;23;1
RO;VALE DO PARAÍSO;Governador;2;6178;6178;4453;0,7208;1725;0,2792;4453;4322;0,9706;4322;1;4322;1;82;1;0;0;82;0,0184;49;0,011;0;0;0;0;0;25;23;0,92;2;0,08;23;1
RO;VALE DO PARAÍSO;Presidente;1;6175;6175;4441;0,7192;1734;0,2808;4441;4350;0,9795;4350;1;4350;1;54;1;0;0;54;0,0122;37;0,0083;0;0;0;0;0;25;23;0,92;2;0,08;23;1
RO;VALE DO PARAÍSO;Presidente;2;6178;6178;4453;0,7208;1725;0,2792;4453;4335;0,9735;4335;1;4335;1;84;1;0;0;84;0,0189;34;0,0076;0;0;0;0;0;25;23;0,92;2;0,08;23;1
RO;VALE DO PARAÍSO;Senador;1;6175;6175;4441;0,7192;1734;0,2808;4441;4029;0,9072;3612;0,8965;3612;1;262;1;0;0;262;0,059;150;0,0338;0;0;0;417;0,1035;25;23;0,92;2;0,08;23;1
RO;VILHENA;Deputado Estadual;1;65453;65453;49960;0,7633;15493;0,2367;49960;45865;0,918;45795;0,9985;43571;0,9514;1439;0,9945;8;0,0055;1447;0,029;2648;0,053;2224;0,0486;2224;70;0,0015;242;208;0,8595;34;0,1405;208;1
RO;VILHENA;Deputado Federal;1;65453;65453;49960;0,7633;15493;0,2367;49960;46110;0,9229;46109;1;44437;0,9637;1491;0,998;3;0,002;1494;0,0299;2356;0,0472;1672;0,0363;1672;1;0;242;208;0,8595;34;0,1405;208;1
RO;VILHENA;Governador;1;65453;65453;49960;0,7633;15493;0,2367;49960;44990;0,9005;44990;1;44990;1;2550;1;0;0;2550;0,051;2420;0,0484;0;0;0;0;0;242;208;0,8595;34;0,1405;208;1
RO;VILHENA;Governador;2;65474;65474;50866;0,7769;14608;0,2231;50866;46792;0,9199;46792;1;46792;1;2417;1;0;0;2417;0,0475;1657;0,0326;0;0;0;0;0;242;208;0,8595;34;0,1405;208;1
RO;VILHENA;Presidente;1;65454;65454;49961;0,7633;15493;0,2367;49961;48529;0,9713;48529;1;48529;1;837;1;0;0;837;0,0168;595;0,0119;0;0;0;0;0;242;208;0,8595;34;0,1405;208;1
RO;VILHENA;Presidente;2;65475;65475;50867;0,7769;14608;0,2231;50867;48712;0,9576;48712;1;48712;1;1639;1;0;0;1639;0,0322;516;0,0101;0;0;0;0;0;242;208;0,8595;34;0,1405;208;1
RO;VILHENA;Senador;1;65453;65453;49960;0,7633;15493;0,2367;49960;44488;0,8905;42955;0,9655;42955;1;2708;1;0;0;2708;0,0542;2764;0,0553;0;0;0;1533;0,0345;242;208;0,8595;34;0,1405;208;1
